state,year,drug_arrests,drug_treatment_admissions,population,poverty_rate,median_income,unemployment_rate,pct_white,pct_black,pct_hispanic,marijuana_legal,republican_gov,overdose_deaths,incarceration_rate,gov_streak,pres_vote_rep,senate_rep_pct,house_rep_pct,gov_leg_alignment,align_unified_dem,align_div_rep_gov,align_div_dem_gov,arrest_rate,treatment_rate,overdose_death_rate,criminalization_index,cj_referral_pct,mat_pct,dual_dx_pct,same_day_pct,opioid_pct,meth_pct,residential_pct,repeat_tx_pct,facilities_per_100k,beds_per_100k,public_facility_pct,private_fp_pct,medicaid_pct,capacity_utilization
Alabama,2015,9411.0,9119.0,4830620,0.1883203836449967,43623,0.0923550248149193,0.6634736327841975,0.2629194596138798,0.0400553138106495,0.0,1.0,720,954.4021294845826,9.0,60.7,0.7647058823529411,0.6857142857142857,unified_rep,0.0,0.0,0.0,194.8197125834779,188.77493986279197,14.904919037307842,1.0320210549402349,61.36132433182281,4.238590149118844,25.05322924059617,99.86422881969588,30.837322735073613,17.505193749435463,62.10821064041189,51.60230073952342,2.815373595935925,-7.680173559501678,10.294117647058822,63.97058823529412,54.41176470588235,319.0476190476191
Alabama,2016,10327.0,10139.0,4841164,0.1840163267657954,44758,0.0824062137337882,0.6618935032979671,0.2635275318084659,0.0399703459746457,0.0,1.0,740,893.9965760516136,10.0,60.7,0.7647058823529411,0.6857142857142857,unified_rep,0.0,0.0,0.0,213.316466866233,209.4331032784677,15.285580079501544,1.0185422625505474,66.4976335361731,3.4925101382107098,24.40159574468085,100.0,27.942757879063613,22.896848374555383,55.016957564728266,53.34274561913463,2.726616987154329,0.0,9.090909090909092,60.60606060606061,50.76923076923077,
Alabama,2017,10722.0,10956.0,4850771,0.1796739602073622,46472,0.0740597946721511,0.6592929247742266,0.2640705982615959,0.0408955607263257,0.0,1.0,807,854.6108994463974,11.0,62.1,0.7647058823529411,0.6923076923076923,unified_rep,0.0,0.0,0.0,221.0370268973736,225.86100230252055,16.63653056390417,0.9786418400876232,62.95941959658774,4.898278560250391,25.386313465783665,100.0,30.236922355148955,27.97716787864571,50.03518648838846,52.59842519685039,2.5769099386468666,1.9172209943532688,8.799999999999999,60.8,54.400000000000006,300.0
Alabama,2018,10315.0,16180.0,4864680,0.1748974317448749,48486,0.0661095923231376,0.6571305820732299,0.2643004267495498,0.0417593757451672,0.0,1.0,740,830.6461096634832,12.0,62.1,0.7878787878787878,0.6796116504854369,unified_rep,0.0,0.0,0.0,212.03861302285043,332.60152774694325,15.211689155299013,0.6375154511742893,52.73941843493881,16.575131810193323,24.021217479161404,99.96716107492747,42.74717475569144,25.0259321941366,40.90735382431621,53.41587195359991,2.631211097132802,0.0,10.15625,61.71875,58.59375,
Alabama,2019,8850.0,15334.0,4876250,0.1674254904204373,50536,0.058897754354519,0.6552020507562164,0.2648600871571392,0.0427841066393232,0.0,1.0,739,875.4473274792845,13.0,62.1,0.7714285714285715,0.7333333333333333,unified_rep,0.0,0.0,0.0,181.4919251473981,314.4629582158421,15.15508843886183,0.5771488196165384,53.93139219615703,10.134826325411336,27.43228602383532,100.0,40.24154038965478,28.40378261364931,42.11006038509741,52.858211962466186,2.9735965137144325,1.948218405537042,8.275862068965518,59.310344827586206,63.44827586206897,259.375
Alabama,2020,131.0,12826.0,4893186,0.1598289383843705,52035,0.0554619952388959,0.6523657592415248,0.2642347950803423,0.0435199070707714,0.0,1.0,989,782.344128866855,14.0,62.1,0.7714285714285715,0.7333333333333333,unified_rep,0.0,0.0,0.0,2.677192324183058,262.1196087784114,20.21178021845072,0.0102136285669733,50.54898943982097,9.915225500169548,24.015269824744056,100.0,38.91595615103533,29.652185681418324,42.11665989985113,55.581284478648776,3.0041776462206835,1.7166729406975332,8.16326530612245,60.544217687074834,61.267605633802816,277.77777777777777
Alabama,2021,6628.0,12013.0,4997675,0.1578512662750624,54943,0.053775561718107,0.6485021535013782,0.2633852741524809,0.0449527030068982,0.0,1.0,1333,772.273433911109,15.0,62.0,0.7878787878787878,0.7333333333333333,unified_rep,0.0,0.0,0.0,132.62166907612038,240.37177287438655,26.672402667240267,0.551735619745276,56.89757252812315,8.424697057126371,22.870734607995608,99.97835341655242,34.95075839263892,31.83811372295306,44.84221119976996,57.09186275224011,3.1814793879153807,17.948345980881108,12.57861635220126,52.83018867924528,57.324840764331206,4023.0769230769233
Alabama,2022,16805.0,12156.0,5028092,0.1572249212594319,59609,0.0511836239694407,0.6458239029834776,0.2622044306269654,0.0462217079560198,0.0,1.0,1452,814.0699987428918,16.0,62.0,0.7714285714285715,0.7227722772277227,unified_rep,0.0,0.0,0.0,334.2222059580453,241.7616861425765,28.87775323124557,1.3824448831852585,56.65884423584628,6.8833652007648185,20.33209680268504,100.0,35.240112994350284,32.570621468926554,45.8545197740113,57.205987170349246,3.162233308380197,32.07976305922804,6.289308176100629,57.23270440251572,55.06329113924051,4406.25
Alaska,2015,1212.0,4536.0,733375,0.1018642368664289,72515,0.0783933927537793,0.6237872848133629,0.0323913414010567,0.0651890233509459,1.0,0.0,121,443.7152764830904,-1.0,54.8,0.7,0.5897435897435898,div_dem_gov,0.0,0.0,1.0,165.26333731038008,618.5103119140957,16.49906255326402,0.2671957671957672,55.56215654240309,1.4795088030773782,55.27874829105272,96.3792847603502,20.6539428909602,16.836810179020564,53.67657937564728,62.66094420600859,11.999318220555647,-34.770751661837394,23.863636363636363,61.36363636363637,57.95454545454546,266.66666666666663
Alaska,2016,1006.0,4999.0,736855,0.1012788847724263,74444,0.0752581309694737,0.6196266565335107,0.0312245964267053,0.0665409069626995,1.0,0.0,129,410.3690374695023,-2.0,54.8,0.7,0.5897435897435898,div_dem_gov,0.0,0.0,1.0,136.52618222038257,678.4238418684815,17.506836487504327,0.2012402480496099,51.237384211253975,2.6007981285262143,66.6379434151946,96.44137931034484,24.160704457897637,20.528343423225092,53.06824435883324,61.28321630180367,12.756919611049664,0.0,27.659574468085108,59.57446808510638,56.38297872340425,
Alaska,2017,1004.0,5421.0,738565,0.1019190730892257,76114,0.0737553104921846,0.6153798243891871,0.0305105170161055,0.0679181927115419,1.0,0.0,141,377.7363578680203,-3.0,51.3,0.7,0.5526315789473685,div_dem_gov,0.0,0.0,1.0,135.9392876727167,733.990914814539,19.091075260809813,0.1852056816085593,46.05543710021322,4.1075924208294685,63.20582877959927,98.40531561461792,23.94011658717541,24.112347641759406,54.888712241653415,63.342175066313,12.050395022780664,6.905282541143975,26.96629213483146,59.55056179775281,55.0561797752809,303.7037037037037
Alaska,2018,1046.0,5662.0,738516,0.1080446914971263,76715,0.0708131387929446,0.6103510282783311,0.0308957422723407,0.0693092634418211,1.0,0.0,105,389.45440230097455,-4.0,51.3,0.7,0.5675675675675675,div_dem_gov,0.0,0.0,1.0,141.63538772348875,766.6726245606053,14.217701444518466,0.1847403744259979,41.91762322754896,10.295081967213116,55.4106349433854,99.5137976346912,29.64468336174118,28.267995279926577,52.18303395830601,60.49593282602992,12.32200791858267,0.0,30.76923076923077,58.24175824175825,59.34065934065934,
Alaska,2019,930.0,5127.0,737068,0.1069440737528079,77640,0.0683288389093077,0.606317191900883,0.0310107072888797,0.0703734255184053,1.0,1.0,133,361.4487156603437,2.0,51.3,0.65,0.525,unified_rep,0.0,0.0,0.0,126.1756038791536,695.593893643463,18.0444680816424,0.1813926272674078,41.08887854816194,15.491901619676064,33.21507011319479,99.36603773584906,31.373725254949008,33.113377324535094,53.13437312537492,62.34039357067748,13.02457846494489,6.2409438477860935,29.166666666666668,54.16666666666666,61.458333333333336,312.5
Alaska,2020,808.0,4252.0,736990,0.1033699587876766,77790,0.0683295974270076,0.5969945318118292,0.0308280980746007,0.0719941925942007,1.0,1.0,146,367.1542272877044,3.0,51.3,0.65,0.6052631578947368,unified_rep,0.0,0.0,0.0,109.63513751882658,576.9413424876864,19.81030950216421,0.1900282220131703,40.22739577693557,18.57292759706191,24.90340030911901,99.01251983777112,30.87952439237629,28.991082357055436,48.05035845427522,60.53552677633882,14.111453344007382,4.070611541540592,28.846153846153843,56.730769230769226,56.310679611650485,275.0
Alaska,2021,447.0,3929.0,735951,0.1043213190077403,80287,0.0652796414752667,0.59041294868816,0.0309626591987781,0.072836370899693,1.0,1.0,255,320.99992606527616,4.0,52.8,0.65,0.5833333333333334,unified_rep,0.0,0.0,0.0,60.737739333189296,533.8670645192411,34.64904592832947,0.1137694069737846,38.08789514263685,16.02852852852853,27.1614532737517,99.30096353674664,30.238229225286062,28.3811667604577,55.05533670981054,58.07057057057057,14.810768651717302,46.47048512740658,20.18348623853211,66.97247706422019,58.71559633027523,5571.428571428572
Alaska,2022,827.0,3280.0,734821,0.1048762500121986,86370,0.060131357060442,0.5835461969649751,0.0304836143768346,0.074698463979663,1.0,1.0,247,310.7090359555387,5.0,52.8,0.65,0.5833333333333334,unified_rep,0.0,0.0,0.0,112.54441557876,446.3672105179357,33.61362835302747,0.2521341463414634,40.39270687237027,18.82673942701228,36.04684375892602,99.19743178170144,32.326215356656064,33.68923216719673,56.15629259427533,55.44441918617867,12.520055904771368,54.843288365465874,15.217391304347828,75.0,62.22222222222222,5133.333333333334
Arizona,2015,25333.0,18605.0,6641928,0.181954862421572,50255,0.0887582879313297,0.5650246434469027,0.0397654114889532,0.30333225533309,0.0,1.0,1267,991.4128915934712,5.0,53.7,0.5666666666666667,0.6333333333333333,unified_rep,0.0,0.0,0.0,381.410337480322,280.1144486962219,19.07578642827805,1.3616232195646332,26.28563377635843,6.380290587492103,34.14161008729389,69.30734835062853,27.62337881084723,34.00286339902308,4.446690247599798,39.43300054762206,5.0437162221571805,-13.369611956046498,10.44776119402985,51.04477611940299,39.40298507462687,329.16666666666663
Arizona,2016,31044.0,23940.0,6728577,0.1773228754200753,51340,0.0794389835501572,0.5614673057914028,0.0401340432011107,0.3053913182534732,0.0,1.0,1393,971.459921539461,6.0,53.7,0.5666666666666667,0.6,unified_rep,0.0,0.0,0.0,461.3754141477463,355.79588373589246,20.702742942527077,1.2967418546365916,32.166379175160735,6.875753920386007,28.900923237529767,70.02806605312969,28.957919097754164,37.25675543531406,4.612275497897585,38.90374331550802,5.2611421404555525,0.0,9.887005649717514,49.43502824858757,37.42857142857143,
Arizona,2017,36043.0,36278.0,6809946,0.1695265592801787,53510,0.0706608706096369,0.556012925799999,0.0405503949664211,0.3088898208590788,0.0,1.0,1555,956.2937576064944,7.0,48.7,0.5666666666666667,0.5833333333333334,unified_rep,0.0,0.0,0.0,529.2699824638845,532.7208174631635,22.834248612250377,0.9935222448867084,28.20770930518045,7.055594604545303,24.05707777852214,73.3900732661268,25.62459211164845,31.15848658779431,3.346776217808197,48.34178762158271,4.9192754245041,3.1130937014772218,9.55223880597015,50.74626865671642,37.61194029850746,322.89156626506025
Arizona,2018,33159.0,76710.0,6946685,0.160877067779646,56213,0.064196772296204,0.5507498900554725,0.0412591041626329,0.3114164525957345,0.0,1.0,1730,945.1851138463712,8.0,48.7,0.5517241379310345,0.5833333333333334,unified_rep,0.0,0.0,0.0,477.3355924444537,1104.2677190631214,24.903964984737325,0.4322643723113023,22.901759547007885,9.10744001288314,20.03731743986254,73.65793274190221,23.25497141937042,25.9479913050479,2.061696589109841,48.89436208551161,5.7725375484853565,0.0,7.481296758104738,52.86783042394016,41.64588528678304,
Arizona,2019,30533.0,30667.0,7050299,0.1514627880330112,58945,0.0585463016507005,0.5470699895139199,0.0421410496207323,0.3132722456168171,0.0,1.0,1981,943.1081837817655,9.0,48.7,0.5666666666666667,0.5166666666666667,unified_rep,0.0,0.0,0.0,433.0738313367986,434.9744599484362,28.09809910189624,0.9956304822773664,22.239768049910687,5.843608736107143,22.20626383128398,,9.411713005009814,11.789910057715408,2.057393138604869,53.11767463666198,6.255053863673017,2.482164231616276,6.802721088435375,50.34013605442177,42.40362811791383,311.11111111111114
Arizona,2020,21945.0,6138.0,7174064,0.1412417141368478,61529,0.0580122346050408,0.5413559176500238,0.0426498843612212,0.3151198539628305,0.0,1.0,2644,828.3316877307451,10.0,48.7,0.5666666666666667,0.5166666666666667,unified_rep,0.0,0.0,0.0,305.8935632578689,85.5581996480656,36.85498205758967,3.575268817204301,24.15891800507185,7.242932372505543,15.40838454450349,,1.668663891332507,2.536590772129365,3.07064633884475,63.63346635627979,6.175021577727771,2.4811599115926484,7.674943566591422,45.82392776523702,36.5296803652968,287.3015873015873
Arizona,2021,9457.0,6978.0,7079203,0.1349802296499376,65913,0.0558131507190161,0.5341936090828304,0.0423602769972834,0.3188818006772796,1.0,1.0,2780,734.6652652411523,11.0,49.1,0.5333333333333333,0.5254237288135594,unified_rep,0.0,0.0,0.0,133.5884844664011,98.57041816712984,39.26995736666967,1.3552593866437377,25.335756841361203,5.726896484267541,3.52911689550195,,1.7566700284221142,2.499923596467101,4.31099294031356,63.92639911972368,6.921683132974149,34.947436879547034,5.510204081632653,50.40816326530613,37.83231083844581,4843.137254901961
Arizona,2022,19656.0,6668.0,7172282,0.1306505080811926,72581,0.0533112895877685,0.5299737238440987,0.0429048941466607,0.3203322178352719,1.0,1.0,2737,723.5651925508146,12.0,49.1,0.5333333333333333,0.5166666666666667,unified_rep,0.0,0.0,0.0,274.0550357612821,92.96901599797664,38.16079735849762,2.947810437912417,31.54071343380679,5.262146054763671,49.44825578521249,,1.5552492407725722,2.10661585014251,8.609336987143932,66.93194925028834,7.068879890667991,50.9879561344632,4.536489151873767,49.11242603550296,34.85148514851485,4372.413793103448
Arkansas,2015,12900.0,9733.0,2958208,0.1927396268821168,41371,0.07683679274501,0.7360226190991302,0.1543894141317987,0.0686990231924191,0.0,1.0,381,924.0771492478272,1.0,60.6,0.6857142857142857,0.64,unified_rep,0.0,0.0,0.0,436.07481285967725,329.01675609017354,12.879418891436975,1.3253878557484846,44.83728062702334,8.10716161793031,26.38250964541613,70.17004186960608,22.17869006047185,33.76203049144026,65.04556681713653,42.83279359127322,2.535318679416728,-5.543896845657912,5.333333333333334,80.0,57.333333333333336,310.5263157894737
Arkansas,2016,16027.0,10467.0,2968472,0.1882523242141678,42336,0.0683117490490673,0.7336771241231179,0.1542281685661849,0.0697493525288431,0.0,1.0,386,914.3330848118622,2.0,60.6,0.6857142857142857,0.64,unified_rep,0.0,0.0,0.0,539.9074001708623,352.60565031437045,13.003322921691698,1.531193274099551,46.760070052539405,9.192109355815669,24.698898830006883,68.84774976061283,20.69075282508356,34.736590800572976,59.8838134649053,45.02709595154607,3.739297524113416,0.0,4.504504504504505,78.37837837837837,59.45945945945946,
Arkansas,2017,16768.0,9725.0,2977944,0.1813819268916765,43813,0.0623145270265324,0.7301433472221103,0.1535458692305832,0.0716084654378994,0.0,1.0,425,941.749141377028,3.0,60.6,0.7428571428571429,0.76,unified_rep,0.0,0.0,0.0,563.0730463702473,326.5675916001107,14.27159140668864,1.7242159383033415,53.887539048941335,7.520086666064819,32.57940327237729,66.52745149221265,18.84812212681065,38.65035996183537,56.917338884552,43.77932232841008,3.8617247335745737,2.719997421039482,4.3478260869565215,80.0,63.71681415929204,344.8275862068965
Arkansas,2018,18131.0,9487.0,2990671,0.1757962358288985,45726,0.0552144154700045,0.7268766775081579,0.1533221140005035,0.0732451011829786,0.0,1.0,433,928.656398697721,4.0,60.6,0.7272727272727273,0.7575757575757576,unified_rep,0.0,0.0,0.0,606.251908016629,317.2197811126667,14.478356194980991,1.9111415621376624,54.863915715539946,5.018053883899639,31.68728352300841,63.07868333039958,19.61231470923603,39.95263573370757,53.44268046662574,29.53627261549271,4.7146610242316855,0.0,3.546099290780142,80.85106382978722,67.14285714285714,
Arkansas,2019,18070.0,11518.0,2999370,0.170480193091337,47597,0.0511205304622686,0.7243031036517669,0.1523316563144927,0.074725692395403,0.0,1.0,362,927.6458199262856,5.0,60.6,0.7428571428571429,0.76,unified_rep,0.0,0.0,0.0,602.4598499018127,384.01397626834967,12.06920119891844,1.5688487584650117,60.35872485658267,5.765539642698951,25.86441832737183,62.88914751236544,21.32288946910357,44.50971859588048,58.833768494342905,22.62164124909223,5.434474572993662,1.8337184142003156,3.6809815950920246,74.84662576687117,67.90123456790124,294.44444444444446
Arkansas,2020,15294.0,9191.0,3011873,0.160826519495756,49475,0.0517062097352241,0.715534486347864,0.1512298161310254,0.0762412624967918,0.0,1.0,514,840.142679133255,6.0,60.6,0.7428571428571429,0.76,unified_rep,0.0,0.0,0.0,507.7903351170517,305.15894926512505,17.065792614761644,1.664019149167664,60.92429253950753,5.409166821302653,24.367939752555134,59.5727046689382,22.127386196769457,44.37408223201175,54.5704845814978,27.65722692166237,5.544722503239679,1.1620675904993338,3.592814371257485,70.05988023952095,66.875,309.09090909090907
Arkansas,2021,16238.0,9655.0,3006309,0.1601078757137702,52123,0.0530310930951622,0.7064194000017963,0.1515971911071017,0.0785019104822558,0.0,1.0,627,885.0454767375296,7.0,62.4,0.7941176470588235,0.78,unified_rep,0.0,0.0,0.0,540.1307716538786,321.1579381893212,20.85613953855043,1.6818228896944587,58.86278697277096,8.74788644656047,22.45119305856833,55.10331314570716,22.25284495021337,48.08854907539118,62.77560455192034,43.18505338078292,5.122560588415895,10.045540894166235,1.30718954248366,71.24183006535948,57.7922077922078,5845.454545454545
Arkansas,2022,14462.0,8595.0,3018669,0.162288576324369,56335,0.0512506486766995,0.6969243729604008,0.1506385761406765,0.0806053926415913,0.0,1.0,591,912.77496536634,8.0,62.4,0.7941176470588235,0.78,unified_rep,0.0,0.0,0.0,479.0853187282209,284.7281368046646,19.57816507871516,1.6826061663757996,56.06508875739645,8.380274730704615,32.06302181524374,72.35868600177568,19.219781302334745,47.98542015564969,70.8009063146488,45.12279317486932,4.737187151025832,19.08125733560056,2.797202797202797,64.33566433566433,54.54545454545454,3122.222222222222
California,2015,206835.0,134224.0,38421464,0.1628277063972556,61818,0.0981388206793043,0.3872642125245409,0.0562392677176486,0.3839178538329513,0.0,0.0,4762,492.45243577813073,-5.0,37.1,0.358974358974359,0.35,unified_dem,1.0,0.0,0.0,538.3319073942628,349.3463965870744,12.39411387343283,1.5409688282274407,42.923390959115856,19.48055457960596,13.540597965302922,75.02898752376977,33.38814920483964,44.114228351032914,39.20259417762984,55.5781699571726,3.602153213110256,-8.300048118936854,12.644508670520231,58.887283236994215,52.09537572254336,310.5691056910569
California,2016,219016.0,136422.0,38654206,0.1583687440957152,63783,0.0868288491964446,0.3838454733748767,0.0558377269474892,0.3855720642664345,0.0,0.0,4755,492.09222874533725,-6.0,37.1,0.358974358974359,0.35,unified_dem,1.0,0.0,0.0,566.6032824474521,352.9292517352445,12.301378018216182,1.605430209203794,41.69039169039169,18.71066575591381,12.560732568287506,75.5639293816987,33.42343981493515,47.0895173238375,40.16453096977101,56.38131280177476,3.6606624386489792,0.0,12.296819787985866,55.0530035335689,49.107780157030696,
California,2017,212977.0,129889.0,38982847,0.1509666122479162,67169,0.0760293149715616,0.3790793935599419,0.0554464121104341,0.3875001741150409,1.0,0.0,5028,494.45785267435855,-7.0,31.6,0.325,0.3125,unified_dem,1.0,0.0,0.0,546.3351612056451,333.19526406062647,12.897980488700584,1.6396846538198,39.013837299481615,18.49976799107978,13.448764985883605,75.97266968819963,33.36824993028017,48.48010774264201,41.47547562526783,54.80927500597617,3.329669585189609,3.327104354384378,13.020030816640988,53.23574730354391,46.61016949152542,298.7315010570824
California,2018,219251.0,146104.0,39148760,0.1428667540994636,71228,0.0668834161820979,0.3753844566213591,0.0552895928249068,0.388813770857621,1.0,0.0,5494,485.1497957750384,-8.0,31.6,0.325,0.3246753246753247,unified_dem,1.0,0.0,0.0,560.0458354236507,373.20211419212256,14.033650107947226,1.5006502217598423,36.82738420354488,19.829666603534967,12.107113192329454,78.26149840902517,34.05999291941939,47.55989991179277,42.068849645670944,11.892401792902891,3.7855605132831793,0.0,13.225371120107962,49.46018893387315,46.404341926729984,
California,2019,218674.0,137452.0,39283497,0.1336348320785129,75235,0.0601977848407053,0.3717925621540262,0.0552179710477404,0.3901813527446398,1.0,0.0,6363,463.888257555062,-9.0,31.6,0.275,0.2375,unified_dem,1.0,0.0,0.0,556.656144945548,349.89756640046585,16.197641467611703,1.590911736460728,35.773542457593535,18.64867164540557,11.747788602576174,77.77627859162169,32.86309386899742,50.03194561578369,42.42505558537146,1.6050953784763744,4.536256026290124,3.5434727208730936,11.728395061728394,44.78114478114478,41.46892655367231,291.06529209621993
California,2020,185985.0,104877.0,39346023,0.1257695993991378,78672,0.0614018965422063,0.3650977635020444,0.0544494929004641,0.3909144515063187,1.0,0.0,9209,381.0524518722775,-10.0,31.6,0.2564102564102564,0.2278481012658227,unified_dem,1.0,0.0,0.0,472.6907214993495,266.5504465343295,23.40516092312557,1.773363082468034,33.012607278291526,20.80478650518737,11.477637447376098,77.13388595830193,34.58465988910964,49.31794944263876,43.01448889849458,8.518996296450418,4.376554143731375,2.627965728582022,11.38211382113821,44.657375145180026,41.5083135391924,285.17647058823525
California,2021,11629.0,107973.0,39455353,0.1225067020914411,84097,0.0647687668269548,0.3576015908411717,0.0539390434550161,0.3952261433321861,1.0,0.0,11398,389.8476135135592,-11.0,34.3,0.2307692307692307,0.240506329113924,unified_dem,1.0,0.0,0.0,29.47382070057769,273.6586845389522,28.88834881289745,0.1077028516388356,31.020678299891845,21.337027202551727,11.17798796216681,76.22367938744756,34.6186430421417,48.546462372618784,44.40248832086752,45.65190916545559,4.1084412551067535,35.285452901663305,13.056930693069308,46.10148514851485,44.230769230769226,5102.892561983471
California,2022,113418.0,105830.0,39356104,0.1212432024616763,91905,0.0635666857821307,0.3518715673685586,0.0534227168420939,0.3968362823718526,1.0,0.0,11761,376.6970528727396,-12.0,34.3,0.225,0.2467532467532467,unified_dem,1.0,0.0,0.0,288.18401333627946,268.9036496092194,29.88354741617717,1.0716998960597186,29.698204945608133,19.28825682108053,10.236141851525186,74.09104617652972,33.499189812920434,49.325662471152434,45.691277804147504,57.77300429613348,4.029870436362298,33.65170495534822,13.05170239596469,45.271122320302645,44.66203411244473,5195.081967213115
Colorado,2015,14678.0,44643.0,5278906,0.1266958972218961,60629,0.0685651822878596,0.6907158415020082,0.0385072210037458,0.2107607144359077,1.0,0.0,913,542.2050682822345,-5.0,46.1,0.5142857142857142,0.4923076923076923,div_dem_gov,0.0,0.0,1.0,278.05003536717646,845.6865873345727,17.29525019009621,0.3287861478843268,59.400143392017846,2.101364625922583,37.168373238894446,85.42237230450158,14.740432987774932,18.58183893704289,70.29215392171177,73.41652837703285,7.596270894007206,-25.34616073860758,5.985037406483791,39.15211970074813,38.403990024937656,342.85714285714283
Colorado,2016,15557.0,53289.0,5359295,0.1217193402017951,62520,0.0592591390987447,0.6896666445866481,0.0387336394059293,0.2112762966024449,1.0,0.0,965,532.4460032707283,-6.0,46.1,0.5142857142857142,0.4769230769230769,div_dem_gov,0.0,0.0,1.0,290.2807178929318,994.3285450791568,18.006099682887395,0.291936422150913,55.34192775361676,3.0847559149445942,42.763279415257145,86.67399657937406,17.08261236079684,22.193753050268423,70.51000488042948,72.6561633196494,7.407690750369219,0.0,5.793450881612091,43.8287153652393,36.224489795918366,
Colorado,2017,14656.0,52551.0,5436519,0.1151322112445856,65458,0.0518797130283733,0.6864642614143351,0.0386065053759584,0.2128567931060297,1.0,0.0,1040,525.61981554555,-7.0,43.3,0.5142857142857142,0.4307692307692308,div_dem_gov,0.0,0.0,1.0,269.5842689044221,966.6295657202704,19.12988807727886,0.2788909820935853,52.61786954660069,4.351186795414546,47.97936123601983,84.14522332432335,19.5614431469546,26.40497538468856,65.3031131828668,73.59920073266173,6.971372674316047,2.998242073650437,6.068601583113456,43.27176781002638,35.35620052770449,266.66666666666663
Colorado,2018,14551.0,54677.0,5531141,0.1091541543826713,68811,0.046252181048975,0.6830800371930493,0.0391839586081786,0.2142042663530002,1.0,0.0,1004,530.3168546889647,-8.0,43.3,0.5294117647058824,0.421875,div_dem_gov,0.0,0.0,1.0,263.07411074857794,988.5302146519136,18.151770132057745,0.2661265248642025,52.48550124275062,5.215076031004083,46.32034632034632,83.89284020862968,20.41721885649375,28.361652783036728,63.722311624384695,74.06850677019222,7.249860381429437,0.0,5.985037406483791,39.40149625935162,35.41147132169576,
Colorado,2019,13157.0,54507.0,5610349,0.1030896864768989,72331,0.0427970006818409,0.6805852897921324,0.0394852441443482,0.2153470309957544,1.0,0.0,1100,510.28829934850233,-9.0,43.3,0.4571428571428571,0.3692307692307692,unified_dem,1.0,0.0,0.0,234.513040097862,971.5438380036608,19.60662340257264,0.2413818408644761,50.2775613556681,6.077758301684682,49.91091381288881,82.17671966711004,20.824965616289965,31.09747933934592,62.181570331422456,72.99840529781976,7.200978049672132,2.085431761909999,5.9405940594059405,38.366336633663366,33.663366336633665,266.66666666666663
Colorado,2020,9231.0,46063.0,5684926,0.0978161958063727,75231,0.0458065688112732,0.6750219791779172,0.0394358695258302,0.2165597230289365,1.0,0.0,1512,416.4786079230066,-10.0,43.3,0.4571428571428571,0.3692307692307692,unified_dem,1.0,0.0,0.0,162.37678379630623,810.2656041608985,26.59665226952822,0.2003994529231704,44.47007849646907,7.1362268290624735,53.291389538019054,80.27139874739039,21.801740989185618,30.872322772082292,62.82608389936576,73.90099455596663,6.8426572307185705,1.829399362454322,5.398457583547557,38.04627249357326,35.9375,237.14285714285717
Colorado,2021,10203.0,46022.0,5723176,0.0956174218462053,80184,0.045932114287162,0.6677809663725176,0.0388895955672165,0.2192202371550342,1.0,0.0,1917,405.2180540542749,-11.0,41.9,0.4285714285714285,0.3692307692307692,unified_dem,1.0,0.0,0.0,178.27513953790694,804.1339284341421,33.49538787554323,0.2216983181956456,38.45380227863742,7.812522443585802,60.444048414643206,77.80594972268243,22.868016659485853,31.53238546603476,65.06678155967256,72.69031303423408,6.307686501341214,26.366479031922136,5.555555555555555,43.05555555555556,45.938375350140056,5213.636363636363
Colorado,2022,10731.0,43182.0,5770790,0.0955381902464211,87598,0.0447627185638792,0.6622289149319244,0.0383328799003256,0.2207257585183311,1.0,0.0,1856,436.6497912509808,-12.0,41.9,0.4285714285714285,0.3692307692307692,unified_dem,1.0,0.0,0.0,185.95374290175172,748.2857633010385,32.16197435706377,0.2485063220786438,35.964699091654765,9.149572584685927,63.5655680712001,75.87121558584103,25.18177816233284,31.56792203652261,63.87206460524918,70.92184581745296,5.909069642111392,29.07747466118157,4.464285714285714,42.26190476190476,41.14114114114114,4146.428571428572
Connecticut,2015,8401.0,51600.0,3593222,0.1051734517496755,70331,0.0878068668871708,0.6921695904121705,0.0963497384798378,0.146528102076632,0.0,0.0,799,463.974182855451,-5.0,40.7,0.4166666666666667,0.423841059602649,unified_dem,1.0,0.0,0.0,233.80130701637697,1436.0370720205988,22.2363104756678,0.1628100775193798,32.817419110254,12.482685449883588,69.51027089201186,,47.434650635075,0.2342852090884979,55.75545928741933,76.44095056784612,5.955657624271476,-15.779709686737975,6.074766355140187,85.98130841121495,47.66355140186916,251.6129032258065
Connecticut,2016,9454.0,52453.0,3588570,0.103591372979982,71755,0.0792029881557029,0.6867498752985173,0.0968837169123076,0.149844645638792,0.0,0.0,974,430.0572911826016,-6.0,40.7,0.4285714285714285,0.423841059602649,unified_dem,1.0,0.0,0.0,263.4475571049192,1461.6685755050062,27.14173055005197,0.1802375459935561,31.73247954464604,12.952579649671838,46.146709191069874,,48.47378562011966,0.2593188172743998,56.47789995219262,76.1725286329299,6.158441942054914,0.0,5.88235294117647,85.97285067873304,51.36363636363637,
Connecticut,2017,7270.0,52165.0,3594478,0.100625266599599,73781,0.0719988702206958,0.6805018698125291,0.0975997071062891,0.1535455217697813,0.0,0.0,1080,400.6182822773232,-7.0,40.9,0.5,0.4768211920529801,div_dem_gov,0.0,0.0,1.0,202.25468065182204,1451.2538399177852,30.046087359555408,0.1393654749353014,30.666925855728888,12.7113753102095,47.38726254402679,,48.03208679593721,0.2596952908587258,57.314750692520775,77.31912637125907,5.786653861840301,4.17306768882714,6.25,86.0576923076923,47.11538461538461,255.55555555555557
Connecticut,2018,6888.0,50127.0,3581504,0.100275950307649,76106,0.0647399301640286,0.6753296938939619,0.0982316367648898,0.1568589620449956,0.0,0.0,1070,375.8633005871612,-8.0,40.9,0.5,0.4765100671140939,div_dem_gov,0.0,0.0,1.0,192.321438144422,1399.6075391790712,29.87571701720841,0.1374109761206535,30.1672925913281,12.14397073814235,43.16068857965451,,46.28066967430567,0.2562988054377313,56.764939522474855,75.79907145131824,6.086828326870499,0.0,5.504587155963304,85.3211009174312,49.54128440366973,
Connecticut,2019,5672.0,47055.0,3575074,0.0991750350927801,78444,0.0600033490912369,0.6690806959520278,0.0990524951371635,0.1606232486376505,0.0,0.0,1231,367.0924732409681,-9.0,40.9,0.3333333333333333,0.390728476821192,unified_dem,1.0,0.0,0.0,158.65405862927594,1316.1965318759835,34.43285369757381,0.1205397938582509,28.082936209347043,12.825949999231703,41.84752536120504,77.52247752247752,45.00645121651512,0.347136888670435,56.08411157532564,75.24120813815284,6.069804429223003,3.971945755528417,5.529953917050691,86.17511520737328,50.69124423963134,236.3636363636364
Connecticut,2020,4422.0,33787.0,3570549,0.0978258894383655,79855,0.0601268916713438,0.6603863999625827,0.0985943618194288,0.1644598631751027,0.0,0.0,1385,268.46300601730337,-10.0,40.9,0.3888888888888889,0.3973509933774834,unified_dem,1.0,0.0,0.0,123.84650091624566,946.2690471409298,38.78955309113528,0.1308787403439192,24.362670540963883,15.51827317938876,39.372678497730085,84.14429075128831,44.83377330473519,0.4537205081669692,54.159792113512616,78.69602870221453,5.769420892977522,2.072510417865712,5.339805825242718,84.46601941747572,48.97959183673469,269.2307692307692
Connecticut,2021,3444.0,35805.0,3605330,0.1003158380840335,83572,0.0603233731981474,0.6492742689296126,0.0996180654752824,0.1692119722743826,1.0,0.0,1562,235.21791532406752,-11.0,39.2,0.3428571428571428,0.3576158940397351,unified_dem,1.0,0.0,0.0,95.52523624744477,993.1129744017884,43.32474419817326,0.0961876832844574,26.76532227021941,16.2091931013243,41.50591043856609,83.77007323792246,43.95035597460073,0.529151433519338,53.403886857802576,76.35651898447753,6.490390616115585,45.321787464670365,7.264957264957266,81.19658119658119,54.310344827586206,4245.833333333334
Connecticut,2022,3025.0,32633.0,3611317,0.1014071593297112,90213,0.0588388419206675,0.6392803511849001,0.0985706876466397,0.1737338483439698,1.0,0.0,1476,260.63870609180253,-12.0,39.2,0.3611111111111111,0.3576158940397351,unified_dem,1.0,0.0,0.0,83.76445490661716,903.6315560223596,40.87151584865023,0.0926975760733,31.87004447882421,18.07817248244787,47.29721225851111,87.21455035365443,42.55448449287511,0.6014249790444258,49.08005029337804,73.1115440578066,5.5658365078446455,37.74246348354354,7.462686567164178,81.59203980099502,50.0,3986.6666666666665
Delaware,2015,5773.0,4706.0,926454,0.1202404475921937,60509,0.0765802620257205,0.6389113760640032,0.2105425633652615,0.087112797829142,0.0,0.0,195,679.546903826589,-9.0,40.0,0.4285714285714285,0.3902439024390244,unified_dem,1.0,0.0,0.0,623.1286172869889,507.9583012216473,21.047995906974336,1.2267318317042073,39.19213973799127,14.805194805194803,3.8294797687861273,48.59437751004016,43.28936221711243,0.4356771148493283,38.02493041268305,36.90036900369004,4.10166074084628,-10.793844054858631,5.263157894736842,63.1578947368421,39.47368421052632,283.33333333333337
Delaware,2016,4299.0,4118.0,934695,0.1204084169716812,61017,0.0709088266946912,0.6350360277951631,0.2113523662799095,0.088437404714907,0.0,0.0,285,661.880842028948,-10.0,40.0,0.4285714285714285,0.3902439024390244,unified_dem,1.0,0.0,0.0,459.9361288976618,440.5715233311401,30.491229759440248,1.0439533754249637,41.57303370786517,17.33677609738104,4.835164835164836,70.58823529411765,41.33479478748021,0.5724028741931555,41.200828157349896,35.810810810810814,5.028378241030497,0.0,4.25531914893617,57.44680851063831,35.55555555555556,
Delaware,2017,3916.0,9619.0,943732,0.1212329811567367,63036,0.0637039939002557,0.630381294689594,0.2134196996604968,0.0898486010859015,0.0,0.0,341,656.35270644601,-11.0,41.7,0.4761904761904761,0.3902439024390244,unified_dem,1.0,0.0,0.0,414.9483115969364,1019.2512281028936,36.13313949299166,0.4071109262917143,23.97375653870024,12.502714833852169,7.455441240399942,,56.298386513276895,1.2878952318934953,63.00557123218291,,3.602717720708845,1.3775097167416173,2.941176470588235,52.94117647058824,32.35294117647059,225.0
Delaware,2018,3700.0,14138.0,949495,0.1188704288723992,65627,0.0590543757757089,0.6273050411007957,0.2155514247047114,0.0909062185688181,0.0,0.0,399,641.1463084613615,-12.0,41.7,0.4761904761904761,0.3902439024390244,unified_dem,1.0,0.0,0.0,389.68083033612606,1489.002048457338,42.02233819030116,0.2617060404583392,20.53883252951937,21.0593851049633,12.79045961715631,58.57988165680473,57.99376246229357,1.8099084820287337,67.18134873971063,33.6322869955157,4.212765733363525,0.0,2.5,50.0,37.5,
Delaware,2019,3807.0,13309.0,957248,0.1175378506259374,68287,0.0545400621584938,0.6231373687905328,0.2166648559203048,0.0923104566423748,0.0,0.0,423,598.4013791269268,-13.0,41.7,0.4285714285714285,0.3658536585365853,unified_dem,1.0,0.0,0.0,397.7025807314301,1390.3398074480176,44.18917563682557,0.2860470358404087,22.986403268093408,20.55456480469424,17.64199655765921,64.80446927374301,58.31471615970671,3.1219568081571865,71.74199461534056,34.34782608695652,4.596509995319917,1.4625259076017918,2.272727272727273,54.54545454545454,38.63636363636363,216.66666666666663
Delaware,2020,3308.0,10671.0,967679,0.114357684225288,69110,0.0579042558626679,0.6151172031221097,0.2150775205414192,0.094401139220754,0.0,0.0,449,497.377521981598,-14.0,41.7,0.4285714285714285,0.3658536585365853,unified_dem,1.0,0.0,0.0,341.8488982400156,1102.7417149695302,46.39968419279534,0.3099990628807047,15.483563601715105,20.752099306316172,17.39543032338127,67.71653543307087,59.88922897536803,4.569304766069086,80.5203323130739,29.133858267716533,5.063662640193701,1.343420700459553,2.0408163265306123,51.02040816326531,43.75,200.0
Delaware,2021,3566.0,10758.0,981892,0.1143509536396951,72724,0.0563461646846643,0.6080505799008445,0.2152853878023244,0.0970351118045569,0.0,0.0,502,441.6819984528474,-15.0,39.8,0.3333333333333333,0.3658536585365853,unified_dem,1.0,0.0,0.0,363.1763982189488,1095.6398463374792,51.12578572796193,0.3314742517196505,13.852255825483391,69.79997202405931,22.053258584442887,0.0,54.80150964495388,5.046128040257199,83.66648029074643,0.0,5.09220973386075,36.46022169444297,4.0,54.0,48.0,5500.0
Delaware,2022,3633.0,,993635,0.1112297809767045,79325,0.0540112471526195,0.6013596541989765,0.2148837349731038,0.0993282241466937,0.0,0.0,544,438.7255557636232,-16.0,39.8,0.3333333333333333,0.3658536585365853,unified_dem,1.0,0.0,0.0,365.62721723771807,,54.74847403724708,,,,,,,,,,5.434591172814967,31.097938377774533,7.4074074074074066,48.14814814814815,45.28301886792453,3450.0
Florida,2015,,22870.0,19645772,0.1653876949947701,47507,0.0963102431886843,0.5606167576412879,0.1545190486787691,0.2372384755356012,0.0,1.0,3352,785.152456163792,5.0,49.1,0.65,0.6890756302521008,unified_rep,0.0,0.0,0.0,,116.41181624219196,17.0621953670235,,37.63399073804203,3.5985527559568435,24.41116191076777,93.9930009310688,40.40216501982504,4.893322424318711,72.10648876581283,9.512556322273689,3.318780244421039,-7.849017081130738,5.214723926380368,46.77914110429448,35.42944785276074,294.8529411764706
Florida,2016,,23845.0,19934451,0.1608693384052973,48900,0.0834251997744027,0.5558430477970023,0.1544521090648546,0.2411330013552919,0.0,1.0,4996,761.7652282754538,6.0,49.1,0.65,0.675,unified_rep,0.0,0.0,0.0,,119.61703886402488,25.062139910449503,,35.21780333976014,3.314159587987425,66.73734098278872,93.50733882253392,42.02623134677093,5.535998006168417,71.0894420386928,7.717984713773203,3.506492353363531,0.0,5.150214592274678,43.34763948497854,36.32416787264833,
Florida,2017,,40285.0,20278447,0.1546429384863455,50883,0.0715372992814109,0.5486096149276125,0.154321778191397,0.247307646389292,0.0,1.0,5440,741.0978019028963,7.0,49.0,0.625,0.6583333333333333,unified_rep,0.0,0.0,0.0,,198.65919712688057,26.82651191188359,,35.99607072691552,4.927458114360149,82.75947250408542,93.19385363312789,41.73105765762345,7.893987431891102,61.24200254399788,10.357435837337396,3.2201676982463203,3.308931892072406,5.053598774885145,41.65390505359878,36.60030627871363,271.72774869109946
Florida,2018,,77473.0,20598139,0.1478724629487638,53267,0.0627255948292952,0.5435858550134068,0.1537522880100964,0.2517081761609629,0.0,1.0,4936,727.7721269945872,8.0,49.0,0.6153846153846154,0.6551724137931034,unified_rep,0.0,0.0,0.0,,376.1165025636539,23.96332989111298,,38.06878975935257,10.01847961714024,53.1805385730941,83.79848628193,35.61925324091172,7.471378654015511,36.23476605778245,12.706888730477612,3.442058527714567,0.0,4.65444287729196,41.04372355430183,39.03818953323904,
Florida,2019,,38838.0,20901636,0.1401519301652067,55660,0.0555008458855285,0.5390174721251485,0.1532266182417491,0.2558021773989366,0.0,1.0,5524,712.183433540265,9.0,49.0,0.575,0.6083333333333333,unified_rep,0.0,0.0,0.0,,185.81320620070125,26.42855324817636,,35.617510688263984,9.56816925870372,0.8726944258282583,69.05568762328663,22.11325806076126,4.763706204167152,26.97445000582005,13.443647783835033,3.411216232069107,3.004549500335763,4.488078541374474,40.67321178120617,37.07865168539326,255.02958579881656
Florida,2020,68471.0,28626.0,21216924,0.1333552278611505,57703,0.0539492948630141,0.5340652584700779,0.1522891819756718,0.2577577220901578,0.0,1.0,7568,596.9013902726001,10.0,49.0,0.575,0.6083333333333333,unified_rep,0.0,0.0,0.0,322.71878807691445,134.92059452161868,35.66963806817614,2.391916439600364,36.13293051359517,12.052008668111352,1.6513797974572733,67.91844716448179,25.28945643755089,5.378031100430958,31.72800031775664,17.880794701986755,3.2992529925638605,2.1727937565313424,4.714285714285714,40.57142857142857,34.84626647144949,280.8695652173913
Florida,2021,104.0,28320.0,21339762,0.1311440787197419,61777,0.0528435753601785,0.5256472401144867,0.1510744590309863,0.2620971124232782,0.0,1.0,8163,587.2657887243829,11.0,51.2,0.6,0.65,unified_rep,0.0,0.0,0.0,0.487353139177466,132.71000866832534,38.25253533755437,0.0036723163841807,39.75203323903818,8.02540415704388,6.401323270960406,72.16852540272615,27.85972150593089,7.727694687983496,29.97421351211965,13.849634974170687,3.280261513694483,32.69014902790387,6.609195402298851,40.22988505747127,39.218523878437054,5590.476190476191
Florida,2022,33713.0,30139.0,21634529,0.1287394493592862,67917,0.0500386982013497,0.5196561015957408,0.1494310784394705,0.2652372510628727,0.0,1.0,7894,608.056915701344,12.0,51.2,0.6,0.6440677966101694,unified_rep,0.0,0.0,0.0,155.82959998805612,139.30971180375593,36.48796791462389,1.1185838946215865,44.54701361394,5.347068305460407,9.488472329524662,79.5923502767992,24.4226632574374,8.768618856284752,29.46345225049718,16.323532454633863,3.341880010422228,36.95019198245545,5.255878284923928,37.48271092669433,38.18181818181819,4879.611650485437
Georgia,2015,39883.0,34826.0,10006693,0.1837239577182061,49620,0.0955783409678007,0.5456748798029479,0.3052307090864085,0.0914507919849244,0.0,1.0,1308,764.3306691909559,5.0,53.3,0.6785714285714286,0.6703910614525139,unified_rep,0.0,0.0,0.0,398.5632416223821,348.02706548507086,13.07125141143033,1.1452076035146157,28.2999644591873,3.044315992292871,55.5137481910275,,16.208312727116347,16.25991786182725,32.644548132539185,45.33705253370525,3.1578864266146667,-8.394381640368103,23.417721518987346,27.21518987341772,41.13924050632912,311.3636363636364
Georgia,2016,44987.0,30618.0,10099320,0.1777275457582091,51037,0.0845482437568676,0.5412482226526142,0.3074734734615796,0.0917873678623907,0.0,1.0,1370,777.0846465392949,6.0,53.3,0.6964285714285714,0.659217877094972,unified_rep,0.0,0.0,0.0,445.4458319966097,303.168926224736,13.565269740933052,1.469299105101574,25.24307209504329,2.5925421883505715,53.83574476943895,,18.450261235736008,20.03847053624808,30.21236775753165,49.652140805095016,3.0497102775236358,0.0,20.12987012987013,27.27272727272727,41.44736842105263,
Georgia,2017,45885.0,29391.0,10201635,0.1690536637623987,52977,0.0741262071986862,0.5361342569107795,0.308824418830903,0.0931595768717465,0.0,1.0,1516,770.9575117898304,7.0,50.8,0.6785714285714286,0.6555555555555556,unified_rep,0.0,0.0,0.0,449.7808439529546,288.10087794750547,14.860363069253117,1.5611922016943964,25.92378752886836,2.1578887064125576,52.92198739753528,,19.3759576542694,20.67697450898454,31.895807215489626,45.667713021443966,2.793669838217109,2.019284163763946,19.649122807017545,25.964912280701757,37.19298245614035,323.88059701492534
Georgia,2018,48195.0,30384.0,10297484,0.160375449053831,55679,0.0634149733300963,0.5318232104075131,0.3103052163033222,0.0940485073829685,0.0,1.0,1375,764.8343025340456,8.0,50.8,0.6545454545454545,0.6404494382022472,unified_rep,0.0,0.0,0.0,468.026947164958,295.06236669073724,13.3527762703977,1.586196682464455,27.909871778911988,3.0770352546574795,57.74671097805487,,19.68274877874746,24.0655359789231,30.31725122125254,44.93224113849987,3.1658218648361096,0.0,19.32515337423313,26.68711656441718,37.84615384615385,
Georgia,2019,19368.0,30774.0,10403847,0.1508891857969159,58700,0.056151872882178,0.5272910107194002,0.3118411872070014,0.0953872159019639,0.0,1.0,1378,774.9177491025665,9.0,50.8,0.625,0.5888888888888889,unified_rep,0.0,0.0,0.0,186.1619072252793,295.7944306562755,13.245100586350414,0.6293624488204329,27.81480294777315,3.44974597648062,60.27650016044497,,18.90361188288096,25.87091258815986,30.770463774310752,46.10361021426475,3.402587523634286,2.1626615616319618,18.361581920903955,25.98870056497175,38.52691218130311,308.955223880597
Georgia,2020,17294.0,27551.0,10516579,0.1427543781631625,61224,0.0554723012424588,0.5209193027504476,0.3114683016216585,0.0963295193237268,0.0,1.0,1868,662.4090155411292,10.0,50.8,0.625,0.5833333333333334,unified_rep,0.0,0.0,0.0,164.4451109053619,261.97682725532707,17.762430159085003,0.6277086131174912,21.477451584205845,3.7519366860684222,65.69349569349569,,18.72719181130396,25.975374573505416,33.327399495623794,48.344966385475104,3.280534477989468,1.6640392279656722,16.231884057971012,28.98550724637681,41.246290801186944,319.6428571428572
Georgia,2021,27358.0,31368.0,10625615,0.1391682545782302,65030,0.0545685593478557,0.514104171852641,0.3114547252088467,0.0986741943878072,0.0,1.0,2438,658.0209903236901,11.0,49.2,0.6071428571428571,0.5754189944134078,unified_rep,0.0,0.0,0.0,257.47215572933897,295.2111477782698,22.94455426815295,0.8721627135934711,19.0549464640636,4.307116104868914,70.91668440093638,,16.98745214802212,23.83826031475968,45.99904296044237,47.308402585410896,3.152758687379507,23.819797724649348,25.225225225225223,31.23123123123123,49.249249249249246,5536.666666666667
Georgia,2022,27425.0,29209.0,10722325,0.1353005946037392,71355,0.0519101536749631,0.5078334223221176,0.3109488846868566,0.1005805177515137,0.0,1.0,2619,670.9426523337208,12.0,49.2,0.6071428571428571,0.5722222222222222,unified_rep,0.0,0.0,0.0,255.7747503456573,272.41293282940035,24.42567260365639,0.938922934711904,20.964762469066955,4.126292364040985,70.19465068944758,,16.114531138153186,24.687186828919117,49.77236936292054,46.64025748947759,3.460070460464498,21.096170839813198,27.762803234501348,27.762803234501348,49.865229110512125,5152.5
Hawaii,2015,2953.0,5603.0,1406299,0.1124429819916221,69515,0.0573833112374294,0.2288503369482592,0.018972494469526,0.0990194830544571,0.0,0.0,171,400.3007831833312,-9.0,27.8,0.04,0.1568627450980392,unified_dem,1.0,0.0,0.0,209.98379434245493,398.4216727737132,12.159576306318923,0.5270390862038193,39.8488120950324,0.7397133610725843,24.653405666063893,83.51597468745176,11.802773497688753,46.42526964560863,62.4191063174114,37.752427932788656,12.017359039578356,-42.451854122060816,3.5502958579881656,84.02366863905326,72.18934911242604,342.85714285714283
Hawaii,2016,2574.0,5430.0,1413673,0.1079831212098307,71977,0.0522366440704914,0.2237327868608935,0.0168129404749188,0.1003251812830831,0.0,0.0,199,384.6325058452695,-10.0,27.8,0.04,0.1372549019607843,unified_dem,1.0,0.0,0.0,182.0788824572585,384.1058009879229,14.07680559789994,0.4740331491712707,39.36781609195402,0.5901116427432217,23.08316430020284,84.28366075706755,11.913875598086124,49.377990430622006,64.83253588516746,39.65847430577721,12.308362683590902,0.0,3.4482758620689653,81.60919540229885,70.6896551724138,
Hawaii,2017,2733.0,4590.0,1421658,0.1034870153248229,74923,0.0460586249397138,0.2223087409208121,0.0168655189926128,0.1022615847130603,0.0,0.0,202,365.47445520296907,-11.0,30.0,0.0,0.1176470588235294,unified_dem,1.0,0.0,0.0,192.2403278425613,322.8624605917879,14.208761882252976,0.5954248366013072,40.026748184944594,0.8783654764177964,26.44170234197935,82.91842206051321,13.745704467353953,53.03550973654067,70.3512791141657,42.47229652273596,11.817188100091585,2.602594998234456,4.166666666666666,82.14285714285714,73.21428571428571,406.25
Hawaii,2018,2077.0,2489.0,1422029,0.0993881294511667,78084,0.0427416223831829,0.2211881754872791,0.0172092130329268,0.1040499174067476,0.0,0.0,212,350.3051754799256,-12.0,30.0,0.0,0.1,unified_dem,1.0,0.0,0.0,146.05890597167848,175.0315921827192,14.90827542898211,0.8344716753716351,42.2077922077922,0.9722722362261434,23.13937753721245,88.45598845598846,18.40115232265034,64.3860280878646,85.70399711919337,49.20749279538905,11.814105056929218,0.0,3.571428571428571,80.35714285714286,75.0,
Hawaii,2019,2153.0,2196.0,1422094,0.0943870179109135,81275,0.0402479044336652,0.2199024818331277,0.0171416235494981,0.1048580473583321,0.0,0.0,245,328.65013207688054,-13.0,30.0,0.04,0.0980392156862745,unified_dem,1.0,0.0,0.0,151.39646183726254,154.4201719436268,17.22811572230809,0.9804189435336976,35.84,0.876843363889996,33.242753623188406,82.98722044728434,17.616580310880828,60.82104424073336,81.62614587485054,50.47846889952153,11.743246227042656,3.023710106364277,2.9940119760479043,79.64071856287424,82.63473053892216,306.6666666666667
Hawaii,2020,847.0,1329.0,1420074,0.0926267591310509,83173,0.0428959818751249,0.2157352363327545,0.0176962608990799,0.1074352463322333,0.0,0.0,276,299.82710699669536,-14.0,30.0,0.04,0.0980392156862745,unified_dem,1.0,0.0,0.0,59.64477907489328,93.58667224384082,19.43560687682473,0.63732129420617,41.58686730506156,1.227830832196453,40.63004846526656,78.16563997262149,21.69167803547067,67.59890859481582,89.01773533424284,54.979536152796726,11.337437344814424,2.535079157846704,2.484472049689441,77.63975155279503,80.0,360.0
Hawaii,2021,985.0,1399.0,1453498,0.0945347411993061,88005,0.048577342341341,0.2134271942582652,0.018246327136329,0.1092130845725277,0.0,0.0,267,286.86565879211787,-15.0,34.3,0.04,0.0784313725490196,unified_dem,1.0,0.0,0.0,67.76755110774147,96.25056243627442,18.3694783205756,0.7040743388134383,29.770043505282786,0.4972032318210068,33.26488706365503,82.12951432129513,18.64512119328776,67.37103791174643,94.2200124300808,58.91858297078932,9.494337109510989,31.30379264367753,5.109489051094891,78.1021897810219,76.81159420289855,6750.0
Hawaii,2022,933.0,1143.0,1450589,0.0960960982189057,94814,0.0472298974075043,0.2104138387923802,0.0183814988256494,0.109626503441016,0.0,0.0,283,279.391968066938,-16.0,34.3,0.04,0.0784313725490196,unified_dem,1.0,0.0,0.0,64.31870088632962,78.79557889932985,19.50931656037651,0.8162729658792651,31.76197836166924,0.463678516228748,30.378578024007385,89.7138437741686,18.91891891891892,63.7065637065637,93.74517374517374,48.49420849420849,9.099751893885864,9.927002066057304,8.396946564885496,77.09923664122137,81.67938931297711,9750.0
Idaho,2015,8301.0,2324.0,1616547,0.1547434060628246,47583,0.0714140003047024,0.8305121966760014,0.0057814588749971,0.1183473168426281,0.0,1.0,214,758.7429291887048,9.0,64.5,0.8,0.8,unified_rep,0.0,0.0,0.0,513.5019272560587,143.7632187619661,13.238093293915982,3.571858864027538,77.39343116701608,0.2793296089385474,52.06293706293707,98.60090940888423,23.18435754189944,48.88268156424581,49.26675977653631,59.85324947589099,8.165552872882756,-29.75477978679247,11.363636363636363,12.12121212121212,43.93939393939394,100.0
Idaho,2016,9428.0,2460.0,1635483,0.1524493430127358,49174,0.0617932757268707,0.8290492777974457,0.0060031195677362,0.1195909709853297,0.0,1.0,228,762.921920691992,10.0,64.5,0.8,0.8,unified_rep,0.0,0.0,0.0,576.4657902283301,150.41428128571192,13.94083582648062,3.832520325203252,79.56764295676429,0.4182642035552457,52.442428471737614,98.08228730822871,23.004531195538515,56.53537818055071,49.7037295224817,65.48117154811716,8.743594399941792,0.0,10.48951048951049,10.48951048951049,50.71428571428571,
Idaho,2017,9206.0,2331.0,1657375,0.1450917490134068,50985,0.0532654134713878,0.825472810920884,0.0064306508786484,0.1218662040877894,0.0,1.0,234,777.4368417523185,11.0,59.2,0.8285714285714286,0.8428571428571429,unified_rep,0.0,0.0,0.0,555.4566709404933,140.6440908062448,14.11871181838751,3.9493779493779497,68.37486837486837,0.3157894736842105,53.91365391365392,98.06949806949808,23.114696597685025,56.8572430726061,46.29954401964224,62.877192982456144,7.481710536239535,1.9307640093521383,10.483870967741936,9.67741935483871,47.58064516129033,275.0
Idaho,2018,9967.0,1268.0,1687809,0.1381619573819238,53089,0.0464839653023703,0.8221629343130651,0.0063626867732071,0.123872428693057,0.0,1.0,243,770.7252503255834,12.0,59.2,0.8285714285714286,0.8428571428571429,unified_rep,0.0,0.0,0.0,590.5289046331665,75.12698415519766,14.397363682738982,7.860410094637224,89.34871099050203,0.3392130257801899,57.37593473827328,97.21845318860244,23.609226594301223,60.312075983717776,34.260515603799185,66.28222523744913,7.820790148648337,0.0,11.363636363636363,9.848484848484848,49.24242424242424,
Idaho,2019,9381.0,665.0,1717750,0.1312091372454834,55785,0.0431089793652662,0.8196087905690583,0.0065876873817493,0.1254408383059234,0.0,1.0,264,821.6804527644755,13.0,59.2,0.8,0.8,unified_rep,0.0,0.0,0.0,546.1213797118323,38.713433270266336,15.368941929850092,14.106766917293234,89.70223325062034,0.4956629491945477,55.955334987593055,98.2565379825654,24.53531598513011,53.655514250309785,56.50557620817844,64.06443618339529,7.218745451899287,1.5718236064619415,9.67741935483871,8.870967741935484,50.80645161290322,220.00000000000003
Idaho,2020,9153.0,,1754367,0.1193728046654269,58915,0.0418767980060331,0.8137003261005251,0.0060181250559318,0.1270925638706154,0.0,1.0,280,712.3147073891995,14.0,59.2,0.8,0.8,unified_rep,0.0,0.0,0.0,521.726639864977,,15.960172529465044,,,,,,,,,,6.270067779432695,0.9690104750032348,12.727272727272728,10.0,53.21100917431193,340.0
Idaho,2021,9686.0,,1811617,0.1137418403874499,63377,0.0401282916111565,0.8058778428332258,0.0062883048679715,0.129476042673479,0.0,1.0,345,736.7952590984743,15.0,63.9,0.8,0.8285714285714286,unified_rep,0.0,0.0,0.0,534.6604718326224,,19.04376035331972,,,,,,,,,,7.010311782236532,11.757452044223475,15.748031496062993,11.023622047244094,56.69291338582677,5485.714285714285
Idaho,2022,10266.0,219.0,1854109,0.1101173363290602,70214,0.0374135836481804,0.800636855761986,0.0064284246503306,0.1306481981372184,0.0,1.0,362,740.3115484538378,16.0,63.9,0.8,0.8285714285714286,unified_rep,0.0,0.0,0.0,553.6891304664397,11.81160330919056,19.5242027302602,46.87671232876712,85.05338078291815,0.7142857142857143,50.35714285714285,96.76258992805757,18.50533807829181,47.686832740213525,46.97508896797153,57.29537366548043,5.824900262066578,11.919471832562165,12.962962962962962,13.88888888888889,56.481481481481474,5750.0
Illinois,2015,24088.0,39287.0,12873761,0.1432743807030564,57574,0.0906587177127131,0.6246719975615518,0.1412903346582245,0.1648967228768655,0.0,1.0,1864,533.854071959234,1.0,40.7,0.3389830508474576,0.3983050847457627,div_rep_gov,0.0,1.0,0.0,187.10926822394796,305.1711151076985,14.479063266748543,0.6131290248682771,35.83030562085916,6.903627075897151,11.136533732492248,96.48627249577368,43.70579310639571,5.408466354680855,57.56779280723124,68.23235130628127,4.979119932395824,-15.737436791004583,3.9001560062402496,55.22620904836193,45.24180967238689,284.48275862068965
Illinois,2016,12944.0,22634.0,12851684,0.1397558026281627,59196,0.0814745408391817,0.6222418789630993,0.140881070527411,0.1662407821418578,0.0,1.0,2427,506.3971542375282,2.0,40.7,0.3389830508474576,0.3983050847457627,div_rep_gov,0.0,1.0,0.0,100.71831831532738,176.11699758568605,18.884684684123886,0.5718830078642749,40.43623531178436,7.057896514202095,12.410321902114712,97.5753702729118,43.9938475390156,8.362094837935174,51.22674069627852,67.09844559585493,5.182200247064898,0.0,4.804804804804805,53.9039039039039,44.4947209653092,
Illinois,2017,10803.0,36490.0,12854526,0.1353280025800238,61229,0.0734373213336831,0.6188858305627138,0.1405262239930122,0.1681952333364917,0.0,1.0,2765,482.9706419323023,3.0,38.8,0.3728813559322034,0.4322033898305085,div_rep_gov,0.0,1.0,0.0,84.04043836388833,283.8688878920934,21.50993354402955,0.2960537133461222,36.6547706270237,5.963834062167592,12.510642323337432,97.85526596122436,47.017958412098295,9.718809073724008,56.84073724007561,69.08433051128033,4.87765943294992,2.3260289799872824,4.146730462519936,53.90749601275917,42.42424242424242,268.3673469387755
Illinois,2018,16876.0,42721.0,12821497,0.130604969958756,63575,0.0654399994491015,0.6157070426331652,0.1400816924887944,0.1696246545937654,0.0,1.0,2732,468.97220513864,4.0,38.8,0.3728813559322034,0.4358974358974359,div_rep_gov,0.0,1.0,0.0,131.62269585213022,333.19822170531256,21.307964272814637,0.3950282062685799,39.79706877113867,5.000302072215398,12.266355140186915,97.15846113540638,43.92408629850266,11.807679922717758,50.18716792786992,63.31836397688141,5.233398252949714,0.0,4.321907600596125,56.03576751117735,43.47826086956522,
Illinois,2019,368.0,41442.0,12770631,0.1248811808598457,65886,0.0592751545467656,0.6131137921062788,0.1396726598709179,0.1712043046267643,0.0,0.0,2775,451.99105728976906,-2.0,38.8,0.3220338983050847,0.3728813559322034,unified_dem,1.0,0.0,0.0,2.881611723022927,324.5101984389025,21.729544922251687,0.0088798803146566,42.53519970444563,3.335112059765208,15.257786994640988,97.70256663173252,39.41962361729637,15.274898926673098,49.791696595316765,55.79461701122995,6.013798378482629,2.1298869257125976,5.078125,57.552083333333336,47.196870925684486,249.45054945054943
Illinois,2020,280.0,27488.0,12716164,0.1198751476023198,68428,0.0594195547601042,0.6084743008976606,0.1389244429373512,0.1722764821214951,1.0,0.0,3531,354.3075860365937,-3.0,38.8,0.3220338983050847,0.3728813559322034,unified_dem,1.0,0.0,0.0,2.201921900346677,216.16581855974803,27.767807964728984,0.0101862630966239,41.37754487411156,2.6380774558814672,16.564712972728643,97.39222188724752,36.846543001686335,17.622259696458684,45.74198988195616,53.6797710498569,5.551988791588407,1.3840651945036253,5.6657223796034,56.79886685552408,51.21951219512195,271.6981132075472
Illinois,2021,4101.0,10914.0,12821813,0.1183928124903476,72563,0.0616002484048163,0.6021989245982607,0.1382907393829562,0.175488131046678,1.0,0.0,3786,349.15162059724685,-4.0,40.6,0.3050847457627119,0.3813559322033898,unified_dem,1.0,0.0,0.0,31.98455631820554,85.12056758275916,29.52780546713636,0.3757559098405716,45.91019839888618,10.774692002505745,14.54051417822058,61.52826238660154,29.95754158836222,16.718869631795087,49.05686643001322,54.4922691182616,5.3346589908930975,20.823888166205517,7.309941520467836,60.38011695906432,53.94736842105263,5883.333333333334
Illinois,2022,12003.0,10507.0,12757634,0.1176322240906558,78433,0.0593859380503318,0.5958483367684008,0.1367142998458805,0.1783797842139067,1.0,0.0,3863,361.3605418286351,-5.0,40.6,0.3050847457627119,0.3813559322033898,unified_dem,1.0,0.0,0.0,94.084843631664,82.35853137031522,30.27990926844272,1.1423812696297706,42.94965075669383,10.528230500582072,13.153100633972164,61.98437614076076,28.8229303069984,15.546340753673796,51.33857122071876,55.348430787155024,5.06363484012788,18.07545192157104,6.2015503875969,59.68992248062015,54.44617784711389,4323.214285714285
Indiana,2015,17337.0,18337.0,6568645,0.1535884328183007,49255,0.0783931434063185,0.8050550760468864,0.0904678209889558,0.0641237271918333,0.0,1.0,1232,627.4439463529118,5.0,54.1,0.8,0.7,unified_rep,0.0,0.0,0.0,263.9357127687674,279.15955269313537,18.75577078682133,0.9454654523640726,60.49021401134077,2.050480437681026,27.710402269919,,35.87562871513489,17.841792409693642,15.39551897576589,99.67978042086004,3.9581983803356704,-11.935490500704484,4.230769230769231,66.53846153846153,32.69230769230769,291.66666666666663
Indiana,2016,18730.0,18863.0,6589578,0.1498990597167661,50433,0.0690178814767292,0.8019754831037739,0.0909965706453432,0.0651820192431139,0.0,1.0,1506,585.137828979692,6.0,54.1,0.8,0.7,unified_rep,0.0,0.0,0.0,284.2367143996171,286.25505305499075,22.85427078941929,0.9929491597306898,65.24839112921894,1.3769846845581004,32.25447978885956,,37.78703703703704,23.66203703703704,24.58333333333333,99.52294937705526,3.991150874911869,0.0,4.182509505703422,66.15969581749049,33.33333333333333,
Indiana,2017,24059.0,22654.0,6614418,0.1455839201145783,52182,0.0607318737587749,0.7983443138912599,0.0913533133225024,0.0668188796051292,0.0,1.0,1835,595.9504498253415,7.0,56.9,0.82,0.7,unified_rep,0.0,0.0,0.0,363.7357058474381,342.4942300290064,27.742425713040813,1.0620199523263,66.67700178280754,4.333214723441269,34.74720843672456,0.0,37.8298779306336,28.41697345475683,23.142801782600277,98.01458042500389,4.580901902480309,1.889811015874715,3.630363036303631,58.415841584158414,32.01320132013201,257.4468085106383
Indiana,2018,26037.0,28692.0,6637426,0.1411428550119007,54325,0.0540451673999851,0.7947601977031458,0.0919547728291057,0.0678375924643077,0.0,1.0,1612,614.0463707019667,8.0,56.9,0.8163265306122449,0.7,unified_rep,0.0,0.0,0.0,392.27555983298345,432.2760057889911,24.28652311905248,0.907465495608532,66.8808911739503,6.608390532180122,19.05155522899829,,36.50468204908501,34.16977783218067,23.00018360976804,70.92745638200184,5.529251851546066,0.0,3.8147138964577656,56.675749318801095,34.42622950819672,
Indiana,2019,17856.0,25499.0,6665703,0.1343358216012068,56303,0.0479138808636976,0.790774956519965,0.0924951201696205,0.069287515510367,0.0,1.0,1704,619.9932069912788,9.0,56.9,0.8,0.67,unified_rep,0.0,0.0,0.0,267.8787218692462,382.54029619981566,25.563695232145808,0.7002627554021726,59.5868570636351,11.467666875043411,25.031219647564868,,36.74381539740836,39.0270944494491,25.258124870071374,58.31946755407655,5.865847908315147,2.055297093194821,2.813299232736573,54.47570332480819,32.82051282051282,255.55555555555557
Indiana,2020,11978.0,20949.0,6696893,0.1291122170819294,58235,0.0472502966721001,0.7844612419520515,0.0929262271324926,0.0709993425309318,0.0,1.0,2267,594.1994672710161,10.0,56.9,0.8,0.67,unified_rep,0.0,0.0,0.0,178.8590619560444,312.81670470171764,33.85151890585679,0.5717695355386893,54.968457597696776,9.634845673806714,51.37552742616034,,36.60469626069728,41.77732810589772,34.34931073732136,59.28800404926607,6.196903549153316,1.7620111296387742,2.891566265060241,53.01204819277109,35.2078239608802,271.7948717948718
Indiana,2021,17532.0,20336.0,6751340,0.1250213519595183,61944,0.0469794983916203,0.7784530182156432,0.0926861926669372,0.0732310919017558,0.0,1.0,2789,568.6049982683642,11.0,57.0,0.78,0.71,unified_rep,0.0,0.0,0.0,259.6817816907458,301.2142774619557,41.31031765545803,0.8621164437450826,54.681092400314114,9.966010109813492,48.46529473317056,,34.96993987975952,42.48061340071448,38.65121547442711,57.64034170153417,6.709779095705445,29.283075656091977,4.646017699115045,57.9646017699115,38.53006681514477,5287.5
Indiana,2022,17080.0,18032.0,6784403,0.1230361800145239,67173,0.0448615215867889,0.7721507699350997,0.0931429043940933,0.0753174597676464,0.0,1.0,2666,576.1802797593833,12.0,57.0,0.78,0.71,unified_rep,0.0,0.0,0.0,251.7539126139765,265.7860979072145,39.296014697240125,0.9472049689440994,55.889122875752975,9.94332062933646,53.62751333105034,,32.7469950161243,42.49975569236783,38.73741815694322,55.055740269900255,6.52968286229459,30.968089601988563,4.288939051918736,54.627539503386,38.82618510158014,3637.5
Iowa,2015,9150.0,22340.0,3093526,0.1249285779681325,53183,0.0493280497873223,0.8739580659739081,0.0309329871479987,0.0543813111640244,0.0,1.0,300,435.99101116509473,5.0,46.2,0.48,0.57,div_rep_gov,0.0,1.0,0.0,295.77899135161624,722.153296917498,9.697671847593975,0.409579230080573,59.63125366847357,1.488105513931568,53.532176677956734,43.13718711104965,13.520232012153016,34.00082861483221,41.63444275652534,59.72227019931604,4.881161496622301,-13.382787149679686,6.622516556291391,78.1456953642384,33.77483443708609,276.1904761904762
Iowa,2016,9850.0,21744.0,3106589,0.1230377988214816,54570,0.0452411712745693,0.8696354747924492,0.0324020976060882,0.0555937718185443,0.0,1.0,314,444.8718068711537,6.0,46.2,0.48,0.57,div_rep_gov,0.0,1.0,0.0,317.0680125372233,699.9316613816633,10.107548826059707,0.4529985283296541,60.01584957314218,2.7413544668587897,54.8214929679048,45.28832630098453,13.947624365116532,37.69676884838443,39.234897878318506,60.505261640478594,5.21472264274418,0.0,6.790123456790123,77.77777777777779,36.024844720496894,
Iowa,2017,9473.0,21871.0,3118102,0.1197944673676002,56570,0.0413170598546018,0.8650300727814548,0.0334158407903269,0.0571802975014928,0.0,1.0,341,444.5738490665871,7.0,51.2,0.5918367346938775,0.59,unified_rep,0.0,0.0,0.0,303.8066105598855,701.4202870848997,10.936139997985954,0.4331306296008413,60.3792594724911,3.0370636919755305,55.52310909222006,45.03893856359966,13.460223797359047,40.66131759795632,39.00262656064477,59.48077200057613,5.195468268837902,3.207079178295001,4.938271604938271,78.39506172839506,39.50617283950617,322.8571428571429
Iowa,2018,8104.0,22576.0,3132499,0.116688862696547,58580,0.0389038255388677,0.8606189499182602,0.0343083908406674,0.0585143043940317,0.0,1.0,277,464.6981829950757,8.0,51.2,0.5918367346938775,0.59,unified_rep,0.0,0.0,0.0,258.70718554100097,720.7025445179711,8.842780157312102,0.3589652728561304,55.58796971591303,3.3064740205612666,55.97495216559402,47.82502783964365,13.276149465203504,41.92596193915822,39.25197944158911,57.62440922991382,5.331206809643036,0.0,4.790419161676647,76.64670658682635,42.51497005988024,
Iowa,2019,9110.0,21984.0,3139508,0.1145068851095854,60523,0.0372870932776208,0.8568387148559583,0.0361712726962313,0.0599810543562876,0.0,1.0,350,457.81940449937525,9.0,51.2,0.64,0.54,unified_rep,0.0,0.0,0.0,290.17285510978155,700.2371072155255,11.148243610145284,0.4143922852983988,53.92249693143959,3.724113724113724,55.78248031496062,48.69452155884317,13.17136446501192,43.18118076006171,37.15467676342729,57.67015522933202,5.956347300277623,2.7074305910352834,3.2085561497326207,77.54010695187165,47.05882352941176,277.2727272727273
Iowa,2020,8166.0,19008.0,3150011,0.1111302651605029,61836,0.0391428095079312,0.8501386185635542,0.0362893970846451,0.0617162924192963,0.0,1.0,419,410.5595906957618,10.0,51.2,0.64,0.53,unified_rep,0.0,0.0,0.0,259.2371899653684,603.4264642250456,13.301540851762104,0.4296085858585858,51.75783625968128,4.822992475638337,54.09302517200181,47.279656206924514,13.065428109854604,44.01857835218094,34.527463651050084,57.1052204928664,5.872995364143173,2.3491981456572693,2.702702702702702,77.29729729729729,43.71584699453552,234.7826086956522
Iowa,2021,8378.0,18821.0,3179090,0.1101261817585306,65429,0.0390093634311191,0.8435725317622339,0.0365532274959186,0.0638698495481411,0.0,1.0,471,422.7983204605845,11.0,53.1,0.64,0.59,unified_rep,0.0,0.0,0.0,263.5345334671242,592.0247618029058,14.815560427669554,0.445141065830721,56.42932120363891,7.91397329789162,39.02407059543052,43.31332434970803,12.013488258714553,43.231494271552776,32.2255626879012,62.113518676788495,5.69345315797917,27.523599520617537,4.41988950276243,80.11049723756905,43.646408839779006,5445.454545454545
Iowa,2022,8327.0,15410.0,3188836,0.1110848530543389,70571,0.0381630531858289,0.8382149473977338,0.0369852824039869,0.0654273220698712,0.0,1.0,473,419.410805285576,12.0,53.1,0.64,0.6,unified_rep,0.0,0.0,0.0,261.1297664727819,483.2484329705259,14.832998623949305,0.5403634003893575,59.3929173693086,13.877755511022045,24.61730241834954,40.70109976433621,11.379495437466453,41.10183965256429,36.62226125994242,77.04120419644215,5.331098871186853,33.05281300135849,3.5294117647058822,80.0,44.70588235294118,5526.666666666667
Kansas,2015,8192.0,5324.0,2892987,0.13570209043983,52205,0.0586923056506622,0.7704109973532546,0.0567088618096106,0.1117246638163254,0.0,1.0,323,519.0637579015438,5.0,59.7,0.8,0.784,unified_rep,0.0,0.0,0.0,283.1675358375271,184.031245214721,11.164930917422028,1.5386927122464311,67.58346581875993,0.0,32.824184566428,100.0,15.843000158906722,41.58588908310821,30.684887970761167,28.18066157760814,7.15523436503517,-23.95448026555253,15.458937198067632,49.75845410628019,47.34299516908212,275.0
Kansas,2016,8627.0,11098.0,2898292,0.1325059273323436,53571,0.0524830808498538,0.7683984222431695,0.0562817687106751,0.1130800485251313,0.0,1.0,313,523.1008065876953,6.0,59.7,0.8,0.776,unified_rep,0.0,0.0,0.0,297.6580689592353,382.9151790088784,10.799463960153084,0.7773472697783385,62.815939278937385,0.0,31.428571428571427,100.0,15.0,48.17905918057663,40.007587253414265,33.60164021565799,6.900615948979605,0.0,14.499999999999998,51.0,49.74874371859296,
Kansas,2017,9743.0,11193.0,2903820,0.128103210159329,55477,0.0470419030609135,0.7645983566474506,0.0563016991411313,0.1153170651073413,0.0,1.0,323,530.0268268196221,7.0,56.7,0.775,0.68,unified_rep,0.0,0.0,0.0,335.5235517353004,385.4577763084489,11.12327899112204,0.8704547485035289,62.594336098034816,0.03748406927056,29.81208355169574,99.72889524813615,14.328380497274695,49.21227506906593,40.0209064436646,33.771962616822435,6.233168722579223,2.7549917005875018,11.60220994475138,54.69613259668509,47.51381215469613,204.34782608695653
Kansas,2018,2478.0,9934.0,2908776,0.1239914719580266,57422,0.0430229442913796,0.761331570392495,0.056282436323732,0.1170994260128659,0.0,1.0,341,541.5389181411298,8.0,56.7,0.775,0.68,unified_rep,0.0,0.0,0.0,85.19047186857978,341.5182193472443,11.723144030341285,0.2494463458828267,60.35301496281696,0.5029768014781358,33.285330261136714,93.77615062761508,13.994804324143132,50.7332607056063,40.69387413056231,39.9625468164794,6.119412426395157,0.0,15.730337078651685,51.12359550561798,50.0,
Kansas,2019,10007.0,9273.0,2910652,0.1195089552365558,59597,0.0401384401792352,0.7587908138795019,0.0565196388987759,0.1187637683927862,0.0,0.0,380,541.2969639075077,-2.0,56.7,0.717948717948718,0.68,div_dem_gov,0.0,0.0,1.0,343.8061300354697,318.5884124931459,13.055494095481013,1.079154534670549,43.58218063466233,2.06752655538695,53.13310580204779,63.1739010229472,10.386434045328553,52.46209033099625,51.75281265286157,60.83635908351071,6.081111723421419,3.2982300872794137,15.254237288135592,51.9774011299435,49.717514124293785,200.0
Kansas,2020,7837.0,8497.0,2912619,0.1144225663231863,61091,0.0402790168241158,0.7532698234818903,0.0548636811062483,0.120716784447262,0.0,0.0,473,467.9490357179598,-3.0,56.7,0.717948717948718,0.672,div_dem_gov,0.0,0.0,1.0,269.0705512804799,291.7305696350947,16.23967982080732,0.9223255266564672,45.47054560513511,2.957039241212572,55.81656878670499,50.72037635989415,10.66965439972421,49.10798931310868,44.94527277428252,64.63815789473685,5.733671310940428,2.163001752031419,14.97005988023952,53.89221556886228,48.4472049689441,184.21052631578948
Kansas,2021,8668.0,10498.0,2932099,0.1147819028435802,64521,0.0404115183314493,0.7477568117584025,0.0543576461777041,0.1234791185427231,0.0,0.0,682,455.05837895399054,-4.0,56.2,0.725,0.672,div_dem_gov,0.0,0.0,1.0,295.6243974026798,358.037023988617,23.259787612901203,0.8256810821108783,45.14810179390905,4.967839058437115,55.96570852244075,35.79656211235159,14.502762430939226,52.22448386158767,51.22128525734225,65.5375953505267,5.320420626997929,25.44252428038753,17.307692307692307,56.41025641025641,52.56410256410257,4136.363636363637
Kansas,2022,10354.0,10233.0,2935922,0.1158115586163701,69747,0.0395355311861637,0.742229868504681,0.0537371224439886,0.1260149281895091,0.0,0.0,755,466.8103171029781,-5.0,56.2,0.725,0.688,div_dem_gov,0.0,0.0,1.0,352.6660449426109,348.54468204536767,25.715942044781844,1.011824489397049,46.74628962852376,4.763283625307659,56.15814531152971,38.08299039780521,16.683316683316683,53.36970721586106,54.17659263813111,65.84182435710821,5.688162015203401,27.214619461961185,13.17365269461078,56.88622754491018,54.49101796407185,3583.333333333333
Kentucky,2015,22796.0,16599.0,4397353,0.1890218114630336,43740,0.0837843203134726,0.8555496909163308,0.0778434208033787,0.0326289474599833,0.0,0.0,1248,739.6941829312353,-9.0,60.5,0.6842105263157895,0.46,div_dem_gov,0.0,0.0,1.0,518.40277548789,377.4770867837993,28.380709940730256,1.373335743117055,43.39990514833746,7.423787711262044,51.285428300495205,,55.8602178832693,17.114888690068945,44.33450871006789,42.48341930729551,7.5272556012674,-22.78643538510554,2.416918429003021,54.68277945619335,46.82779456193353,279.4117647058823
Kentucky,2016,23621.0,17594.0,4411989,0.1880938023513275,44811,0.0750486829353904,0.8536616931728525,0.0783580829417299,0.0333058400644244,0.0,1.0,1437,785.623050402793,2.0,60.5,0.7105263157894737,0.4583333333333333,div_rep_gov,0.0,1.0,0.0,535.3821145066319,398.777059507628,32.57034412370475,1.342559963623963,43.80257992148065,12.521624096875955,52.43790716612378,0.0,54.05130810261621,22.86004572009144,41.08204216408433,41.57389049870368,8.159585166690125,0.0,2.2222222222222223,51.388888888888886,42.33983286908078,
Kentucky,2017,23609.0,18493.0,4424376,0.1827440881720997,46535,0.067213833582031,0.8508483456198117,0.078761841217835,0.0343714006223702,0.0,1.0,1566,803.3683940412266,3.0,62.5,0.7105263157894737,0.64,unified_rep,0.0,0.0,0.0,533.6119714960935,417.9798461975203,35.394821778257544,1.2766452171091764,43.24229163522962,18.215704546569228,50.480580619850926,,53.22493755815662,30.8585141289975,39.1057348547921,42.64705882352941,8.068934466690896,4.43000323661461,1.680672268907563,51.82072829131653,37.81512605042017,291.5254237288136
Kentucky,2018,23445.0,18783.0,4440204,0.1794568737993382,48392,0.0610679541440837,0.8477272665850488,0.0786916547077566,0.0357515105161834,0.0,1.0,1336,801.2406218155206,4.0,62.5,0.7105263157894737,0.6363636363636364,unified_rep,0.0,0.0,0.0,528.0162803330658,423.0211044357421,30.088707635955465,1.248203162434116,48.22165073511573,17.288119241715304,52.39428461092876,,47.89689231510479,36.58395567333172,35.66369549506143,42.972178022084,9.39146039236035,0.0,1.6786570743405276,48.92086330935252,37.980769230769226,
Kentucky,2019,24627.0,19672.0,4449052,0.173340254474938,50589,0.055446007408605,0.8455408028496857,0.0795668380589842,0.0366356698011171,0.0,1.0,1369,790.9385756457942,5.0,62.5,0.7368421052631579,0.61,unified_rep,0.0,0.0,0.0,553.5336516633207,442.16161105781634,30.770600118856784,1.251880845872306,47.80456503804199,15.941567306817149,96.47540983606558,,42.51102322832856,42.12009636801673,35.52434201554616,44.98521719354105,10.069560886229246,4.72010666541996,1.1160714285714286,48.4375,41.517857142857146,285.07462686567163
Kentucky,2020,17118.0,16378.0,4461952,0.1660686472748151,52238,0.0534068774877955,0.840828856966637,0.07979646576207,0.0376402525172839,0.0,0.0,2104,637.4959795693396,-2.0,62.5,0.7631578947368421,0.62,div_dem_gov,0.0,0.0,1.0,383.6437505378812,367.05908086864224,47.15424997848476,1.045182561973379,42.81504120504284,16.209029737356197,95.75783877617448,,42.112103980503655,41.49471974004874,36.14405632277281,46.87330660019508,10.667976706159097,4.437519722309877,1.050420168067227,46.42857142857143,40.169133192389005,235.1851851851852
Kentucky,2021,20758.0,15125.0,4494141,0.1626773469603579,55454,0.0527601278658868,0.8364399336825435,0.0793499803410707,0.0387969580838696,0.0,0.0,2397,640.2746557488798,-3.0,62.1,0.7894736842105263,0.75,div_dem_gov,0.0,0.0,1.0,461.8902700204556,336.54929829749443,53.33611028225416,1.372429752066116,41.95017875677546,13.821977517779308,95.88993981083404,,36.129401660463785,40.20040080160321,38.139135413684514,48.60370434084523,10.079790553967932,95.85814063243676,3.5398230088495577,52.654867256637175,44.98886414253897,4656.25
Kentucky,2022,16068.0,12536.0,4502935,0.1611704673650374,60183,0.0505499786266878,0.8324919191593927,0.0789191938147008,0.0400807473347938,0.0,0.0,2309,682.5126864949323,-4.0,62.1,0.7894736842105263,0.75,div_dem_gov,0.0,0.0,1.0,356.8339316468037,278.3962015885195,51.27766667740041,1.2817485641352904,44.87580880818201,14.90171650055371,96.44958128590214,,35.57659089338769,43.819526013957024,34.27762039660057,47.369876270132025,11.259323085942835,78.57097648533679,3.557312252964427,45.059288537549406,53.17460317460318,4570.0
Louisiana,2015,27269.0,6216.0,4625253,0.197615699444737,45047,0.0806521346444718,0.5948178402349017,0.3187628871328768,0.0471894186112629,0.0,1.0,875,1176.3621605714784,7.0,57.8,0.6666666666666666,0.5728155339805825,unified_rep,0.0,0.0,0.0,589.5677490507006,134.3926483589114,18.917884059531445,4.386904761904762,34.4166843108194,2.261048304213772,53.88869068854798,78.78516624040921,25.81103901875389,14.496489200959914,59.57692649542263,51.48295706064631,3.4376497891034288,-6.594233872179532,29.559748427672957,34.59119496855346,62.264150943396224,327.5
Louisiana,2016,29930.0,5217.0,4645670,0.1970418362543954,45652,0.0761952959954081,0.5929484875163324,0.3194170055126601,0.0480895113083796,0.0,0.0,1004,1155.6915590661963,-2.0,57.8,0.6410256410256411,0.5922330097087378,div_dem_gov,0.0,0.0,1.0,644.2558339270762,112.29811846299889,21.61152212705595,5.737013609354035,32.96972395369546,1.8754833720030937,43.24536190227332,66.34130982367759,21.131288556781648,11.834216699973933,49.934833608480325,58.614584486002,3.3579655894628764,0.0,27.56410256410257,33.97435897435898,59.86842105263158,
Louisiana,2017,24157.0,7472.0,4663461,0.1958645679091352,46710,0.0713167321142167,0.5901739073190491,0.3195159131812188,0.04968584491218,0.0,0.0,1102,1100.3070123659388,-3.0,58.1,0.6410256410256411,0.5882352941176471,div_dem_gov,0.0,0.0,1.0,518.0058330068591,160.22434839703817,23.63051819238973,3.2330032119914347,28.433449123104293,1.1365929114264577,53.17411965395394,67.7763879534302,17.319148936170212,13.142857142857142,45.73860182370821,58.23950028766335,2.8948456950749666,3.6668045470949577,31.11111111111111,29.629629629629623,52.98507462686567,310.6382978723404
Louisiana,2018,33002.0,8063.0,4663616,0.1938375822392012,47942,0.0682053725897696,0.5884414583018842,0.3199727421811744,0.0503729295036298,0.0,0.0,1167,1064.3005468843166,-4.0,58.1,0.6410256410256411,0.5980392156862745,div_dem_gov,0.0,0.0,1.0,707.6483140979017,172.8915931328823,25.023501077275657,4.09301748728761,23.03224687933426,1.397921806085071,53.33644112946191,78.89414092557986,21.85610841692686,18.860027901415,53.3647777851591,56.4033189033189,3.0662901919883625,0.0,27.972027972027973,27.972027972027973,47.88732394366197,
Louisiana,2019,31384.0,8221.0,4664362,0.1922616339791127,49469,0.0643342351014375,0.5865511724861835,0.3199550120681028,0.051274750973445,0.0,0.0,1304,1045.440564112571,-5.0,58.1,0.6410256410256411,0.6176470588235294,div_dem_gov,0.0,0.0,1.0,672.8465758017924,176.2513286918983,27.95666374093606,3.8175404452013137,23.760057032284347,1.0856225809496838,52.69367213926244,78.17740256736441,25.016458196181706,23.23074391046741,60.204081632653065,62.13552361396304,3.1086781000273995,3.773292038653947,28.965517241379317,23.448275862068964,49.6551724137931,306.8181818181818
Louisiana,2020,20052.0,6968.0,4664616,0.1864949526575139,50800,0.0650237441371865,0.5832501539247819,0.319226920286686,0.0521740696340277,0.0,0.0,1929,898.610692680742,-6.0,58.1,0.6923076923076923,0.6601941747572816,div_dem_gov,0.0,0.0,1.0,429.87461347300615,149.379927522437,41.35388636492264,2.877726750861079,26.064260642606424,1.2390121389702806,60.32379164711404,66.37977407208176,18.28754292850453,21.60474555104589,48.58726194192944,55.8662384281126,3.322888743682224,2.8298149301035718,29.03225806451613,23.870967741935484,54.36241610738255,297.2972972972973
Louisiana,2021,16284.0,7064.0,4657305,0.1876812433728452,53571,0.0671185924359627,0.578410046153301,0.3168246442953596,0.0534175880686362,0.0,0.0,2512,877.2434490195187,-7.0,58.5,0.6923076923076923,0.6568627450980392,div_dem_gov,0.0,0.0,1.0,349.6442685200991,151.67570086133503,53.93677244672617,2.305209513023783,27.199388586956523,1.9024313230186292,61.12650737772452,61.00518134715026,15.787899184802932,21.232518136265053,42.1733602572732,48.30477579292745,3.821952824648589,46.78671463432178,31.63841807909605,25.42372881355932,52.0,5311.538461538461
Louisiana,2022,18913.0,7621.0,4640546,0.1865477659254644,57852,0.0651984359053745,0.5751836098597018,0.31377924063246,0.0550762776621544,0.0,0.0,2433,930.3622366186296,-8.0,58.5,0.7105263157894737,0.6666666666666666,div_dem_gov,0.0,0.0,1.0,407.55980007524977,164.22636474242472,52.42917535996841,2.481695315575384,24.499112351001777,4.499856692462024,59.31471550943659,61.274746499275714,16.90532462115946,22.3203114138746,39.225636035034064,46.09240810717966,4.783919823227698,48.70116576799368,27.027027027027028,22.52252252252252,47.27272727272727,5503.703703703704
Maine,2015,5946.0,10002.0,1329100,0.1393708451325962,49331,0.0680557605317568,0.9388368068617862,0.0108893236024377,0.0146317056654879,0.0,1.0,267,260.06392620072734,5.0,40.9,0.5714285714285714,0.4625850340136054,div_rep_gov,0.0,1.0,0.0,447.3704010232488,752.5393123166052,20.088781882476862,0.5944811037792441,24.8616631595355,46.38506565416864,58.67894315452362,73.43350383631714,61.918468959078886,1.0891551268087754,39.56744982106738,72.76549361569604,15.499209991723722,-54.02151832066812,4.854368932038835,46.601941747572816,42.23300970873786,166.66666666666669
Maine,2016,5432.0,8195.0,1329923,0.1347333144835705,50826,0.0597964449706046,0.9373520121089716,0.0116337562400229,0.0148670261360996,0.0,1.0,357,275.0657056911369,6.0,40.9,0.5714285714285714,0.4761904761904761,div_rep_gov,0.0,1.0,0.0,408.444699429967,616.2010883336854,26.843659369752988,0.6628431970713851,25.209923664122137,49.59851155503329,58.559193954659946,51.006711409395976,61.89568036616764,1.84037379612854,40.37379612854009,69.78430998282114,17.06865735835834,0.0,3.0837004405286343,38.76651982378855,38.49557522123894,
Maine,2017,3320.0,7034.0,1330158,0.1288835967314235,53024,0.0527574705094487,0.9358730316248144,0.0120775125962479,0.0153568222722413,1.0,1.0,409,275.9418639620385,7.0,44.9,0.5142857142857142,0.4832214765100671,div_rep_gov,0.0,1.0,0.0,249.5944090852365,528.8093594896246,30.74822690236799,0.4719931760022746,27.493591886771423,48.99860270144388,57.83059845559846,56.3169164882227,61.419340463458106,2.8297682709447414,41.23217468805704,68.359375,14.810270659575778,2.781624438600527,3.045685279187817,44.16243654822335,39.59390862944163,317.39130434782606
Maine,2018,3647.0,6789.0,1332813,0.1247064356702827,55425,0.0460582396521639,0.9337581491176932,0.0127474747020024,0.0160720221066271,1.0,1.0,338,279.0634515488309,8.0,44.9,0.5142857142857142,0.4861111111111111,div_rep_gov,0.0,1.0,0.0,273.6317848040198,509.37378311886215,25.359896699687056,0.537192517307409,25.315735578564112,52.09471766848816,58.02781289506953,40.37199124726477,59.8112778535698,4.092769440654844,41.78035470668486,69.45835229858899,13.430241151609415,0.0,4.46927374301676,46.36871508379888,48.04469273743017,
Maine,2019,3580.0,6519.0,1335492,0.1179030895751189,57918,0.041242317509661,0.9318895208657184,0.0130049449940546,0.0165482084505186,1.0,0.0,362,251.81746518349829,-2.0,44.9,0.4,0.3904109589041096,unified_dem,1.0,0.0,0.0,268.0660011441476,488.1347099046644,27.106115199492024,0.5491639822058597,23.561999057048563,57.15910706668562,58.13274981765135,66.00706713780919,61.00577081615829,8.71511011659404,39.67730538216935,69.33695139216611,13.777693913553955,2.396120680618079,4.3478260869565215,41.84782608695652,49.72677595628415,266.66666666666663
Maine,2020,3188.0,4902.0,1340825,0.110720699856906,59489,0.04027356914276,0.9263796543173046,0.0132463222269871,0.0172602688643186,1.0,0.0,490,197.8856027256029,-3.0,44.9,0.4,0.3931034482758621,unified_dem,1.0,0.0,0.0,237.7640631700632,365.5958085507057,36.54466466541122,0.6503467972256223,21.919543870763384,56.42049234863607,54.60569913850232,77.91889483065954,63.272383354350566,11.491172761664563,26.796973518284997,69.77265449887928,14.468703969570972,1.789942759122182,4.123711340206185,40.20618556701031,46.63212435233161,315.38461538461536
Maine,2021,2807.0,6319.0,1357046,0.1104753804231438,63182,0.0422912393213323,0.9200727167686285,0.0138786747096266,0.0180730793208188,1.0,0.0,620,180.85007563134107,-4.0,44.0,0.3823529411764705,0.4520547945205479,unified_dem,1.0,0.0,0.0,206.8463412441435,465.643758575612,45.68747116899501,0.4442158569393891,28.688933200398804,21.27150010886131,59.76202039825158,61.766878416309645,58.543959366307895,16.65255774579756,29.036159148627405,67.47636554621849,11.495557261876163,16.506441196540134,2.564102564102564,48.07692307692308,49.358974358974365,5416.666666666666
Maine,2022,2535.0,6790.0,1366949,0.1094366559504879,68251,0.0402641345142951,0.914180411997814,0.015430714679187,0.0189458421638261,1.0,0.0,706,192.10940716757327,-5.0,44.0,0.3714285714285714,0.4475524475524475,unified_dem,1.0,0.0,0.0,185.4494937265399,496.7266518355842,51.64786689188843,0.3733431516936671,23.377674956622325,26.911103424420617,63.64215623805276,44.66914738715418,58.58450546997097,19.85934360348292,31.92676936816254,70.199561937211,11.70489901232599,23.775576118787168,3.1645569620253164,39.87341772151899,45.911949685534594,5140.0
Maryland,2015,26681.0,96518.0,5930538,0.0996341826578604,74551,0.0734374257610247,0.5301515646641165,0.2905866213149633,0.0899869455351268,0.0,1.0,1320,509.91502807798815,1.0,35.9,0.3043478260869565,0.3617021276595745,div_rep_gov,0.0,1.0,0.0,449.891729890273,1627.4746068569157,22.257677128112157,0.2764354835367497,28.08012026883622,47.165341755979846,41.361152112338935,83.43083199844237,69.36803236691931,0.135156622674511,23.060546633451708,65.35251720587438,6.390651236026142,-19.45860561048593,15.567282321899736,34.03693931398417,31.398416886543533,275.0
Maryland,2016,32951.0,83932.0,5959902,0.0991199854696993,76067,0.0664898207981695,0.5249062820160466,0.2917192262557337,0.0923078936532849,0.0,1.0,2074,490.87556743830913,2.0,35.9,0.2978723404255319,0.3546099290780142,div_rep_gov,0.0,1.0,0.0,552.8782184673506,1408.2781898091612,34.79922992022352,0.3925916217890673,33.12217289328196,38.15918939853874,44.847412123875934,88.63672100214896,66.99391896842259,0.2292161644495148,30.70868614131857,62.8351792089717,6.694740953794208,0.0,12.781954887218044,35.83959899749373,29.620253164556964,
Maryland,2017,32189.0,136758.0,5996079,0.0968165095879706,78916,0.0607195623967537,0.5185513733224663,0.2925483470114386,0.0956129830844456,0.0,1.0,2284,475.0381168603088,3.0,33.9,0.2978723404255319,0.3617021276595745,div_rep_gov,0.0,1.0,0.0,536.8341544532686,2280.7904965895214,38.09155950080044,0.2353719709267465,33.17976932255071,47.55570578332737,39.17702288308645,90.48235052175586,73.07248797168874,0.2876191233581189,27.23037363977361,64.42635095183401,6.404185134985712,2.735120734733482,11.979166666666668,35.15625,32.55208333333333,278.57142857142856
Maryland,2018,31396.0,149308.0,6003435,0.0944202113595073,81868,0.055520586941292,0.5138504872627088,0.2930718830136413,0.0980958401315247,0.0,1.0,2393,463.0224196064555,4.0,33.9,0.2978723404255319,0.35,div_rep_gov,0.0,1.0,0.0,522.9672679057905,2487.042834643833,39.86051318953233,0.2102767433761084,33.13292723122185,44.69744591254462,41.39705455085452,91.56816390858944,72.61182644779399,0.5406724842863245,30.694452919997563,61.63995052411949,6.829423488386233,0.0,10.0,33.170731707317074,33.007334963325185,
Maryland,2019,29087.0,105943.0,6018848,0.0918909324940942,84805,0.0502857855999295,0.5087955369532509,0.2938429413734987,0.1007638006475657,0.0,1.0,2360,457.1035539278949,5.0,33.9,0.3191489361702128,0.3049645390070922,div_rep_gov,0.0,1.0,0.0,483.2652361382112,1760.187331529223,39.21016114711653,0.2745532975279159,37.81703012997077,31.90292537514526,49.27574690030654,90.84330642916782,67.68380990872656,0.9935670741975684,41.98999696877842,60.85934935471053,7.0943808516181175,3.3395094875298392,9.36768149882904,29.7423887587822,34.037558685446015,262.5
Maryland,2020,1386.0,18821.0,6037624,0.0901726681069105,87063,0.0511518171500576,0.501603610956893,0.2937748359288356,0.1025930067854507,0.0,1.0,2761,385.2843713339352,6.0,33.9,0.3191489361702128,0.3,div_rep_gov,0.0,1.0,0.0,22.95605026083108,311.7285872720792,45.7299096465762,0.0736411455289304,28.31425598335068,12.99115167197798,37.51661353231929,87.30996290684917,13.22695743517176,0.2048806743699485,33.15420743300142,99.81458287286034,7.105444128352477,2.186290501031532,8.158508158508159,29.37062937062937,33.64705882352941,302.94117647058823
Maryland,2021,2557.0,31758.0,6148545,0.0915755653988819,91431,0.0527003893667767,0.4937439670686316,0.2937638091613544,0.1057741303023723,0.0,1.0,2724,374.4049882401605,7.0,32.2,0.3191489361702128,0.2978723404255319,div_rep_gov,0.0,1.0,0.0,41.58707466563227,516.5124431877786,44.30316440718902,0.0805151457900371,30.098563784849336,14.478329377505633,54.91395221230108,90.6826333775807,24.008215435846815,0.837495887296982,48.47107149622628,100.0,7.335068703246052,48.92214336887833,9.11111111111111,29.77777777777777,32.666666666666664,4627.906976744186
Maryland,2022,7050.0,36999.0,6161707,0.0925650280396134,98461,0.0507104231205795,0.4850936599224857,0.2947035618538823,0.1092075621252357,0.0,1.0,2523,389.7589386951588,8.0,32.2,0.3191489361702128,0.2978723404255319,div_rep_gov,0.0,1.0,0.0,114.41634598983693,600.4667213160249,40.94644552232036,0.1905456904240655,28.726138490330637,11.125829980701926,61.66853459206963,89.69363511316743,22.803489237158576,0.7987311864877901,47.90670296519755,100.0,7.075961255541686,55.42295341209831,8.486238532110093,30.275229357798167,33.25635103926097,4468.571428571428
Massachusetts,2015,10237.0,65037.0,6705586,0.1157269011713697,68563,0.0757056568471757,0.7430111253513115,0.0647707746944114,0.1055728761065774,0.0,1.0,1723,212.4603885142912,1.0,37.5,0.15,0.21875,div_rep_gov,0.0,1.0,0.0,152.66376421091311,969.892862458255,25.694995187594344,0.1574027092270553,16.630385257935504,10.63912704598597,45.4062893081761,37.75261324041812,71.10208802121963,0.4714075601201775,80.00100566946159,89.96504991073898,4.652837201700195,-7.81438042849648,4.807692307692308,74.35897435897436,62.17948717948718,315.23809523809524
Massachusetts,2016,10537.0,65007.0,6742143,0.113869151213436,70954,0.067728924338632,0.7371559754813862,0.0657331059278926,0.1085321091528316,0.0,1.0,2198,200.5529228940877,2.0,37.5,0.131578947368421,0.2165605095541401,div_rep_gov,0.0,1.0,0.0,156.28562016557643,964.1889826424624,32.60091042269498,0.1620902364360761,16.01452716142859,14.526133821435836,45.226616462925975,35.6838343341255,71.53134373887843,0.7766027759418374,79.54013930550613,90.44362527011567,5.206059853669672,0.0,3.7037037037037033,74.35897435897436,59.0778097982709,
Massachusetts,2017,9516.0,65152.0,6789319,0.1110359387254673,74167,0.059874088032931,0.72943501402718,0.0668230495576949,0.1119666051926562,1.0,1.0,2138,193.9108634245852,3.0,32.8,0.15,0.21875,div_rep_gov,0.0,1.0,0.0,140.16133282292378,959.6249638586728,31.49063993016089,0.1460584479371316,15.142645377686769,19.475636780121004,47.94651979963616,37.649354650963744,68.4020515884872,0.9311821531719948,78.96250373468779,90.78210203929184,5.0815111206293295,6.642787001170516,2.608695652173913,72.7536231884058,55.3623188405797,278.51851851851853
Massachusetts,2018,8181.0,63625.0,6830193,0.1077205503218096,77378,0.0538457996285438,0.7218554439091253,0.0679037912984303,0.1155350954211689,1.0,1.0,2238,184.2285366442471,4.0,32.8,0.1794871794871795,0.2151898734177215,div_rep_gov,0.0,1.0,0.0,119.77699605267377,931.525653813882,32.76627761470284,0.1285815324165029,13.81205583107521,23.31093880231354,47.54740339308498,35.0537414618359,66.97940474536891,1.4710896165065095,79.51207808770977,91.25135770037132,5.958836009465618,0.0,3.194103194103194,66.09336609336609,51.10565110565111,
Massachusetts,2019,8006.0,62268.0,6850553,0.1029362658957353,81215,0.048239497112681,0.7157873240306294,0.0690719420753332,0.1181187854469558,1.0,1.0,2215,173.9200476504896,5.0,32.8,0.15,0.2012578616352201,div_rep_gov,0.0,1.0,0.0,116.86647778653784,908.94851846267,32.333156170020146,0.1285732639558039,12.79882694875756,21.343542804984725,47.56951084254408,39.39958110309518,64.95068833506579,2.2031792713535987,78.34977055497806,91.23398858592265,6.320657616983621,6.466631234004029,3.233256351039261,65.81986143187068,51.27610208816705,261.7391304347826
Massachusetts,2020,5708.0,51309.0,6873003,0.098451349933083,84385,0.050790244930451,0.7078451733543547,0.0678434157529103,0.1204917268332343,1.0,1.0,2296,144.518121187485,6.0,32.8,0.1052631578947368,0.197452229299363,div_rep_gov,0.0,1.0,0.0,83.04957818292819,746.5295737540054,33.40606718780714,0.1112475394180358,9.040836023563084,20.389846713752583,47.47331515387612,41.094104868174185,66.07867022342838,2.673739071438484,75.72201748569842,89.7524103355187,6.329111161453007,5.470679992428346,2.7586206896551726,65.97701149425286,51.294117647058826,284.61538461538464
Massachusetts,2021,5361.0,45564.0,6991852,0.0989873475052681,89026,0.0540785229250139,0.6967644624056688,0.066926902914993,0.1236013004851933,1.0,1.0,2555,131.83392613568986,7.0,32.1,0.075,0.189873417721519,div_rep_gov,0.0,1.0,0.0,76.6749639437448,651.6728328917717,36.5425355113352,0.1176586779036081,13.157845781787742,20.25108793258272,50.82433001262804,42.70861775640083,64.68394426506899,3.081996650378991,70.03470483623116,88.48126845950567,6.436063005910308,61.11399383167722,3.7777777777777777,64.0,47.19101123595505,5111.111111111111
Massachusetts,2022,4420.0,46968.0,6984205,0.099281159170337,96505,0.0530952848201836,0.6886520369891778,0.0658411372518418,0.1258977936644185,1.0,1.0,2647,129.59331755437694,8.0,32.1,0.075,0.1818181818181818,div_rep_gov,0.0,1.0,0.0,63.28565670681201,672.4888516302142,37.89980391469036,0.0941066257877703,13.51510186636273,17.95955672340912,52.2887207063666,43.07849550286181,61.951235434278814,2.790743218983582,66.56167379312596,87.16814159292035,6.342883692560571,57.30072356123567,2.5,61.13636363636363,48.63636363636364,4866.071428571428
Michigan,2015,36007.0,50824.0,9900571,0.167063038458689,49576,0.0984027822834374,0.7589079458144384,0.1380356749120833,0.0471711177062413,0.0,1.0,1973,644.8456669572113,5.0,44.7,0.7105263157894737,0.5727272727272728,unified_rep,0.0,0.0,0.0,363.6860944686928,513.344129343651,19.92814353838784,0.7084645049582874,26.807443956148564,26.778539794068728,20.037795175557,37.74043811401138,51.80088776157261,3.4305643627140143,44.14394419784401,70.49822578314414,4.666397523940791,-14.019393426904369,11.688311688311687,55.1948051948052,41.125541125541126,298.03921568627453
Michigan,2016,39238.0,61997.0,9909600,0.1626484879745845,50803,0.0848546421366731,0.7571522563978365,0.1374417736336481,0.0478708525066602,0.0,1.0,2342,622.3475466442842,6.0,44.7,0.7105263157894737,0.5700934579439252,unified_rep,0.0,0.0,0.0,395.9594736417212,625.6256559296037,23.63364817954307,0.6329015920125167,26.210202699181902,48.476760003079846,54.91468866903896,38.70651961104223,50.63597661793233,4.438166408457122,50.43157881032665,71.39083680830238,4.813514168079438,0.0,12.78825995807128,53.459119496855344,40.46121593291405,
Michigan,2017,30236.0,63811.0,9925568,0.155786981828748,52668,0.0739465665182516,0.754955484663447,0.1369400723464894,0.0488201783515059,0.0,1.0,2665,600.8719050347903,7.0,47.5,0.7105263157894737,0.5727272727272728,unified_rep,0.0,0.0,0.0,304.62740268365496,642.8951975342871,26.84984879454758,0.4738367992979267,25.740418663430138,55.727171941140895,56.557931103544966,34.52424261431349,49.50980392156863,5.777310924369748,50.71903761504601,72.11547066569504,4.584120525898367,2.7907722762062583,11.648351648351648,52.74725274725275,36.48351648351648,301.16279069767444
Michigan,2018,27726.0,61691.0,9957488,0.149722742132817,54938,0.065201583648094,0.7521345745031277,0.1366152788735472,0.0500022696487306,0.0,1.0,2575,588.6307595980709,8.0,47.5,0.7105263157894737,0.5727272727272728,unified_rep,0.0,0.0,0.0,278.4437199422184,619.5438046222099,25.859935758898228,0.4494334667941839,25.159472268477007,48.96999188969992,69.74581922642864,36.05261127825349,47.25419648916147,8.678506037054582,52.7483642975122,72.82365120759019,4.64976708985238,0.0,11.879049676025918,51.61987041036718,36.73913043478261,
Michigan,2019,13021.0,61452.0,9965265,0.143561938517874,57144,0.0593365277590181,0.7503463279702045,0.136276757316539,0.0509121433298562,1.0,0.0,2358,580.3849028850864,-2.0,47.5,0.5789473684210527,0.5272727272727272,div_dem_gov,0.0,0.0,1.0,130.66386092090875,616.6619753714527,23.6621906191155,0.2118889539803423,23.248088651088487,51.31107126848947,73.96201020848676,37.54165924644465,45.16856780735108,12.396704689480355,54.10773130544994,74.47149806335503,4.656173217671583,2.418400313488904,12.06896551724138,52.370689655172406,40.94827586206897,256.3380281690141
Michigan,2020,10963.0,50618.0,9973907,0.1371046679354708,59234,0.060096503686515,0.7448056213076781,0.134610439018531,0.0522566532854176,1.0,0.0,2750,516.0079584676297,-3.0,47.5,0.5789473684210527,0.5272727272727272,div_dem_gov,0.0,0.0,1.0,109.91680592169148,507.5042307893988,27.571943472101754,0.2165830337034256,24.18658220558595,53.96785624798655,78.21292602648303,34.35680736901306,42.2465238859774,15.555420920299296,55.06043440065432,75.5742350129015,4.53182489068727,1.7946828660022596,11.946902654867255,55.309734513274336,44.843049327354265,272.0
Michigan,2021,12411.0,49184.0,10062512,0.1329966940109976,63202,0.0620121463941216,0.7402165582510609,0.1342657777700041,0.0536681099113223,1.0,0.0,3092,498.1484651436917,-4.0,47.8,0.5789473684210527,0.5272727272727272,div_dem_gov,0.0,0.0,1.0,123.33898334729936,488.7845102694039,30.727913666090533,0.2523381587508133,25.70442074110611,54.80571006262398,80.36993577075098,29.39711319791457,39.556562201472985,18.560290900126343,56.64848540877014,73.89594192702505,4.591298872488301,32.50679353227107,17.570498915401302,53.36225596529284,46.32034632034632,4377.777777777778
Michigan,2022,11389.0,48463.0,10057921,0.1313491329111057,68505,0.060209540926834,0.7351559034913875,0.1339161443005965,0.0547257231390065,1.0,0.0,2969,503.57138412911735,-5.0,47.8,0.5789473684210527,0.5137614678899083,div_dem_gov,0.0,0.0,1.0,113.23413655764446,481.8391395199863,29.51902286764829,0.2350040236881744,25.206719337270844,52.266950889563,83.54480936434298,29.84316562264325,37.32000184023678,18.756613350917817,58.79709856001472,73.9357121608292,4.533740123828771,33.267312399848834,16.923076923076923,51.86813186813188,48.13186813186813,4986.666666666667
Minnesota,2015,17820.0,42042.0,5419171,0.1126709976729795,61492,0.0559775908120994,0.8170639014712767,0.0542217619632227,0.0500046962902628,0.0,0.0,592,296.9028397967489,-5.0,45.0,0.417910447761194,0.5373134328358209,div_dem_gov,0.0,0.0,1.0,328.83258343388684,775.8013172125404,10.924180100609483,0.423861852433281,47.4892139136039,10.311308426272356,,,27.03481607446523,28.57245144544885,91.55822071064172,76.54089652161258,6.384740396640003,-13.876661208882316,12.716763005780344,45.664739884393065,26.589595375722546,326.3157894736842
Minnesota,2016,16448.0,44496.0,5450868,0.1083525326265966,63217,0.048415580035598,0.8131519603850249,0.0560283242962405,0.0506389074180479,0.0,0.0,664,290.1593465716709,-6.0,45.0,0.4090909090909091,0.5413533834586466,div_dem_gov,0.0,0.0,1.0,301.75010658852864,816.3103564423135,12.181546131735349,0.3696512046026609,48.12493525328913,10.415839533237817,,,27.10498153070736,33.2309179411054,92.13760486070356,77.47608870826473,6.677835530047691,0.0,11.813186813186812,42.85714285714285,26.170798898071624,
Minnesota,2017,20045.0,48397.0,5490726,0.1045421256342931,65699,0.0429776309515341,0.8076296285773502,0.0585611083124526,0.0518417783003559,0.0,0.0,728,292.2460368839171,-7.0,44.9,0.5074626865671642,0.5746268656716418,div_dem_gov,0.0,0.0,1.0,365.0701200533409,881.431708666577,13.258720249380502,0.4141785647870736,50.91858441307291,11.735795546102032,,,27.039525628011152,36.294935627850016,91.14903079228502,78.35563616162607,6.39259726309417,6.283322096203671,11.965811965811966,41.88034188034188,27.635327635327634,309.6774193548387
Minnesota,2018,20029.0,48326.0,5527358,0.1013099702903638,68411,0.039049395595487,0.802928089694932,0.0608798995831281,0.0529663539072374,0.0,0.0,639,274.76114467761465,-8.0,44.9,0.5151515151515151,0.5714285714285714,div_dem_gov,0.0,0.0,1.0,362.3611859409143,874.3055904828311,11.560676909293734,0.4144559864255265,51.06280503467763,10.343278072892428,,,24.41227915336104,39.41781536338399,93.18324052826677,79.39516854483898,6.748251153625295,0.0,11.796246648793565,42.62734584450402,23.118279569892472,
Minnesota,2019,17732.0,48560.0,5563378,0.0967015784857852,71306,0.0361673747267469,0.7984584186082628,0.0628769068001491,0.0538442651209391,0.0,0.0,788,270.878940017221,-9.0,44.9,0.5074626865671642,0.4402985074626865,div_dem_gov,0.0,0.0,1.0,318.72721932610006,872.8509908907861,14.164056441967452,0.3651565074135091,50.36901251295131,10.934412645802793,,,23.628194506404945,41.83130456949844,93.30985915492955,79.98567148625764,7.171901675564738,5.751901093184752,10.776942355889725,42.85714285714285,22.807017543859647,304.3859649122807
Minnesota,2020,13875.0,38371.0,5600166,0.0933337788362732,73382,0.0380455174040286,0.7897069479726136,0.0633088376308845,0.0549403356971918,0.0,0.0,1065,221.2160529875977,-10.0,44.9,0.5223880597014925,0.4402985074626865,div_dem_gov,0.0,0.0,1.0,247.76051281337016,685.1761179936451,19.01729341594517,0.3616012092465664,47.08801922281528,13.383733979091607,,,25.014273058371888,41.299340486268335,93.66473078058864,80.07616514537871,7.089075573831204,3.589179320755849,10.579345088161208,40.302267002518896,20.35623409669211,310.3896103896104
Minnesota,2021,13693.0,45524.0,5670472,0.0923012673065326,77706,0.0402940626976606,0.7833448432511438,0.0654705640024322,0.0564023594508534,0.0,0.0,1344,218.07294148871088,-11.0,45.3,0.5230769230769231,0.4776119402985074,div_dem_gov,0.0,0.0,1.0,241.47901620888,802.8255848895823,23.70173064958261,0.3007863983832704,43.35970094456126,15.863242729138513,,,26.86211039177735,42.94533804978976,94.073283054128,79.77605040578023,6.965910421566318,54.56335909955997,11.16751269035533,41.87817258883248,28.68217054263566,5929.62962962963
Minnesota,2022,12467.0,47915.0,5695292,0.0926229615544491,84313,0.0396236082872142,0.7766839698473756,0.0662254016124195,0.0574244481231164,0.0,0.0,1392,236.20914410563,-12.0,45.3,0.5230769230769231,0.4812030075187969,div_dem_gov,0.0,0.0,1.0,218.9001020492013,841.3089267415965,24.441240238428517,0.2601899196493791,41.97168343862099,15.71213203205586,,,27.223967755244534,42.84648830492875,95.44574565997016,80.90873379599319,7.076019982820899,58.69760496915698,9.925558312655088,39.45409429280397,23.25,5406.0
Mississippi,2015,10373.0,5349.0,2988081,0.225376740582134,39665,0.1023249935513339,0.5738378578090755,0.3723142043338182,0.0289506877490938,0.0,1.0,333,968.6940379548164,5.0,55.3,0.6078431372549019,0.5409836065573771,unified_rep,0.0,0.0,0.0,347.145877236929,179.01121154346217,11.144276209379866,1.9392409796223595,41.72077922077922,0.602314154382628,5.561788748196826,69.69127096066447,25.05016206204661,22.21021762617688,48.171014045377376,42.8162371568132,3.3131631973832034,-5.622337547074527,38.38383838383838,45.45454545454545,49.494949494949495,273.3333333333333
Mississippi,2016,11389.0,5897.0,2989192,0.2231360852458495,40528,0.0953101686125949,0.5721030967565817,0.3738090427112076,0.0290058316762523,0.0,1.0,332,986.0037000826636,6.0,55.3,0.6153846153846154,0.5983606557377049,unified_rep,0.0,0.0,0.0,381.005970844295,197.2773913485651,11.106680333682146,1.9313210106833985,40.08207934336525,1.3529948312557007,5.84375,76.7129356172475,23.514887436456064,27.973856209150327,48.14814814814815,41.14071996259935,3.178116360541578,0.0,27.368421052631582,54.736842105263165,52.63157894736842,
Mississippi,2017,11128.0,6758.0,2986220,0.2145261637653484,42009,0.0872576792921361,0.5700410552471017,0.3745397191097775,0.0295560943266068,0.0,1.0,329,984.6749871522672,7.0,57.9,0.6153846153846154,0.6065573770491803,unified_rep,0.0,0.0,0.0,372.6450161073196,226.3061663239815,11.01727267247557,1.6466410180526785,36.87307743747492,1.4896119168953352,8.039662334181964,81.4622763806067,30.68702290076336,32.92620865139949,48.66412213740458,34.490268136654414,2.980356437235033,3.616612305858242,24.719101123595504,57.30337078651685,58.42696629213483,261.7647058823529
Mississippi,2018,8585.0,5975.0,2988762,0.2075166061376021,43567,0.0815480160671142,0.567777561411715,0.3753232943941337,0.0302777537990646,0.0,1.0,290,1001.0776841476558,8.0,57.9,0.6274509803921569,0.6033057851239669,unified_rep,0.0,0.0,0.0,287.24267773747124,199.91555031815847,9.703014157701416,1.4368200836820086,35.81927897261334,2.020662412640535,9.491578781677948,79.61399276236429,35.77954612437371,36.413203654582965,51.78308281756557,34.090909090909086,3.245490942403577,0.0,23.711340206185564,53.608247422680414,55.67010309278351,
Mississippi,2019,9482.0,6535.0,2984418,0.202921122487544,45081,0.0740585351509418,0.5662501030351647,0.3757905226412654,0.0305593921494911,0.0,1.0,365,1014.4569387402177,9.0,57.9,0.6346153846153846,0.6065573770491803,unified_rep,0.0,0.0,0.0,317.7168881838938,218.97066697761508,12.23019027495478,1.450956388676358,34.37024747684225,1.903807615230461,13.12025685931115,78.26571866722432,29.674957231214638,35.99157783918937,46.07185155941571,38.838369023173954,3.5852886559456487,4.288943438888253,24.299065420560748,48.598130841121495,55.140186915887845,251.35135135135133
Mississippi,2020,5283.0,5754.0,2981835,0.1957767993468083,46511,0.0705625159521933,0.5637260277647824,0.3751679754245288,0.0316389069147018,0.0,1.0,532,925.7118480267332,10.0,57.9,0.6923076923076923,0.6166666666666667,unified_rep,0.0,0.0,0.0,177.1727811901061,192.9684238061462,17.841362784996488,0.9181438998957248,31.73688996665656,8.65979381443299,37.593462006607545,72.64766163592323,28.3187134502924,33.78654970760234,49.1374269005848,45.07792463996844,3.454248809877139,2.8505936780539503,22.330097087378643,51.45631067961165,56.99999999999999,316.66666666666663
Mississippi,2021,8271.0,5931.0,2967023,0.1938362608258771,49111,0.067787675887224,0.5601149704602897,0.3739698007059601,0.0322353416202031,0.0,1.0,746,916.7275808483696,11.0,57.6,0.6923076923076923,0.6198347107438017,unified_rep,0.0,0.0,0.0,278.7642697747877,199.8973381736508,25.14304742497783,1.39453717754173,32.45665589186012,10.474695959199686,44.29397443700548,68.98961661341852,26.4142795451274,36.07312508996689,55.333237368648334,51.69983416252073,4.381496200063161,41.92754825291209,25.58139534883721,45.73643410852713,58.46153846153847,5050.0
Mississippi,2022,7427.0,4717.0,2958846,0.1919687815143246,52985,0.0636142574369373,0.5587218800843302,0.3713187506210191,0.0328246214909461,0.0,1.0,702,1053.2793839257076,12.0,57.6,0.6923076923076923,0.6416666666666667,unified_rep,0.0,0.0,0.0,251.0100221505276,159.42026046641158,23.725465941789466,1.574517701929192,27.80444444444444,9.58027033436092,43.0626365622724,64.42601484068092,24.639465353499823,37.74182201899402,57.22827998593035,51.07326178254783,3.920447363600539,41.53646387814709,22.41379310344828,49.137931034482754,50.86206896551724,3853.333333333333
Missouri,2015,34286.0,31087.0,6045448,0.1562262231684772,48173,0.0741757036324902,0.8022376505430201,0.1144049208594631,0.0385490041432826,0.0,0.0,1087,811.8040782545986,-5.0,53.8,0.7352941176470589,0.7222222222222222,div_dem_gov,0.0,0.0,1.0,567.1374561488248,514.2216093827951,17.980470595396735,1.1029047511821664,50.58950814214776,4.786937475109518,39.986180503880085,56.148794021062166,29.716545814106787,30.08042188529993,75.10349373764008,67.50670526064211,4.350380650036192,-13.150390177866058,4.562737642585551,73.00380228136882,60.07604562737643,300.0
Missouri,2016,41716.0,30945.0,6059651,0.152773840159037,49593,0.0655127208451649,0.8004700270692157,0.1149652017913242,0.0391580307182707,0.0,0.0,1386,815.7317285239983,-6.0,53.8,0.7352941176470589,0.7222222222222222,div_dem_gov,0.0,0.0,1.0,688.4224850573078,510.67297440067097,22.87260437936112,1.3480691549523347,46.74585773361827,4.392973394668173,40.96881899940762,58.07192042846213,29.68043856130499,34.33346704104827,76.50488033159513,67.9946200403497,4.68673855969593,0.0,4.929577464788732,71.47887323943662,60.91549295774647,
Missouri,2017,41015.0,29948.0,6075300,0.1462515445299876,51542,0.0574399940966291,0.798161078465261,0.1149144898194327,0.0402317581024805,0.0,1.0,1398,819.5686888107667,2.0,56.8,0.7352941176470589,0.7177914110429447,unified_rep,0.0,0.0,0.0,675.110694122101,492.946850361299,23.0112093229964,1.36954053693068,42.78414755732802,3.837868480725624,44.541199829811376,63.21274202143407,30.401038579854937,37.431208195749726,76.17757457737137,66.22253720765414,4.19732358895857,2.403173505835103,4.313725490196078,71.76470588235294,65.09803921568627,242.10526315789477
Missouri,2018,32707.0,33411.0,6090062,0.1418491702484599,53560,0.0509251277389423,0.7961051956449704,0.1148970240368653,0.0409035244632977,0.0,1.0,1635,764.5574056255354,3.0,56.8,0.7352941176470589,0.7088607594936709,unified_rep,0.0,0.0,0.0,537.0552877786795,548.615104411088,26.84701732100593,0.9789290952081652,40.22022022022022,3.2508852055216293,47.51033614955959,69.83284115846224,34.66975136014644,39.07560888798495,68.77002084710429,69.47238760008212,4.466292789794259,0.0,4.044117647058823,73.52941176470588,65.44117647058823,
Missouri,2019,33686.0,30999.0,6104910,0.1367725497545829,55461,0.0454651749359843,0.7944262896586518,0.1140686758690955,0.0417354227990257,0.0,1.0,1603,656.9814622958379,4.0,56.8,0.7058823529411765,0.7116564417177914,unified_rep,0.0,0.0,0.0,551.7853662052348,507.7716133407373,26.25755334640478,1.0866802154908222,35.323279700765895,4.242558862727677,48.31822983265692,72.07255426702349,33.42979990077725,43.20048508902486,70.87812138250372,70.69717078046477,4.602852458103396,1.8509691379561697,3.202846975088968,74.37722419928826,63.70106761565836,234.1463414634146
Missouri,2020,24691.0,23518.0,6124160,0.1300717353886114,57290,0.0448743193518459,0.7881804198453339,0.1130783650329188,0.0428919231372139,0.0,1.0,1915,583.4295090560344,5.0,56.8,0.7419354838709677,0.7037037037037037,unified_rep,0.0,0.0,0.0,403.1736597345595,384.0200125404954,31.26959452398369,1.0498766901947445,33.888209538085285,6.79830133207506,50.57224866475312,70.92176364633096,35.31671933352485,42.72120080436656,65.35478310830221,71.19782214156079,4.506740516250392,1.1920002090082558,3.6231884057971016,73.91304347826086,62.45353159851301,321.7391304347826
Missouri,2021,23624.0,25697.0,6141534,0.1276867660012912,61043,0.0447201287290263,0.7816879300839171,0.1123235660667188,0.0442179429438964,0.0,1.0,2195,592.3506294895117,6.0,57.0,0.7058823529411765,0.7037037037037037,unified_rep,0.0,0.0,0.0,384.6595980743573,418.4133801099204,35.74025642453498,0.9193291045647352,35.08535330233878,7.118710820834291,51.35650003284504,76.04989604989605,33.95250184786451,42.23414853616994,62.93344474081691,69.68563365491895,4.917338241553332,20.157830274976902,5.960264900662252,73.84105960264901,63.12292358803987,4386.206896551724
Missouri,2022,22655.0,28736.0,6154422,0.128202975529481,65920,0.0426891077562321,0.7757246740636244,0.1118251234640718,0.0455084165499213,1.0,1.0,2212,606.4502711284931,7.0,57.0,0.7058823529411765,0.6923076923076923,unified_rep,0.0,0.0,0.0,368.1093041718621,466.9163083064502,35.94163676134006,0.7883839086859687,32.392626950183725,21.21454136717248,53.32108787106713,76.18527618527618,32.031748674825856,42.32786612272084,57.08100907501456,70.97527797492312,4.777052987266717,21.15552037218117,4.421768707482993,79.25170068027211,59.523809523809526,4182.608695652174
Montana,2015,2377.0,4359.0,1014699,0.1521175191831358,47169,0.0620739263038766,0.8697998125552504,0.0044495953972557,0.0331349493790769,0.0,0.0,131,549.7513810918346,-5.0,55.4,0.58,0.59,div_dem_gov,0.0,0.0,1.0,234.2566613350363,429.585522406152,12.9102324925914,0.5453085570084882,52.94018249408584,0.0,31.98106828938472,70.32967032967034,20.54054054054054,30.99662162162162,39.67905405405405,55.61000337952011,6.504391942832307,-17.936353539325456,27.27272727272727,59.09090909090909,53.03030303030303,316.66666666666663
Montana,2016,2651.0,4249.0,1023391,0.1489280927644007,48380,0.0561154624053903,0.8683240325545173,0.003857763064166,0.0340446613269024,0.0,0.0,114,566.3417205562444,-6.0,55.4,0.58,0.59,div_dem_gov,0.0,0.0,1.0,259.04077718096016,415.1883297781591,11.13943741932458,0.6239115085902566,51.50816181689141,0.0,31.943212067435677,54.3566992014197,18.478453626529525,33.49884731335343,41.8336584500798,57.53060138371474,6.253719252954149,0.0,28.125,59.375,59.375,
Montana,2017,2724.0,2043.0,1029862,0.1435360119130569,50801,0.0476378640850475,0.8661257527707595,0.0039616958388599,0.0355639881848247,0.0,0.0,118,545.9535511340569,-7.0,56.2,0.64,0.59,div_dem_gov,0.0,0.0,1.0,264.501457476827,198.37609310762025,11.457845808467544,1.3333333333333333,59.97807017543859,0.0,24.671052631578945,59.26873857404021,17.391304347826086,33.75959079283887,42.89367921081476,56.35964912280702,6.797027174514644,4.0782163047087865,22.857142857142858,58.57142857142858,54.285714285714285,380.0
Montana,2018,2709.0,1065.0,1041732,0.1368182234085361,52559,0.0420997121162644,0.8629407563557614,0.0041738182181213,0.0374558907665311,0.0,0.0,117,554.672433884961,-8.0,56.2,0.64,0.5858585858585859,div_dem_gov,0.0,0.0,1.0,260.0476898088952,102.23358790936632,11.231295573141653,2.543661971830986,65.7213316892725,0.0,20.900123304562268,70.03699136868065,14.171287738755392,32.039433148490446,52.12569316081331,55.822550831792974,6.911566506548709,0.0,23.61111111111111,52.77777777777778,47.22222222222222,
Montana,2019,2740.0,897.0,1050649,0.1312936430291615,54970,0.0400710038891951,0.8609440450616714,0.0044410645229757,0.0383705690482739,0.0,0.0,139,693.818070706863,-9.0,56.2,0.6,0.58,div_dem_gov,0.0,0.0,1.0,260.7911871614593,85.37580105249232,13.22991788884775,3.0546265328874025,52.28346456692914,0.0,26.69291338582677,77.8041074249605,18.976377952755904,43.7007874015748,54.48818897637795,57.79527559055118,8.375775354090662,3.8071706154957554,15.909090909090908,50.0,56.81818181818182,292.85714285714283
Montana,2020,2364.0,825.0,1061705,0.1278121351870254,56539,0.0413119537267997,0.8559646982918984,0.0046444162926613,0.0390890124846355,0.0,0.0,157,573.8040270025424,-10.0,56.2,0.6,0.5757575757575758,div_dem_gov,0.0,0.0,1.0,222.66072025656845,77.7052005971527,14.787535143942996,2.8654545454545453,40.23972602739726,0.0,30.53173241852487,67.55364806866953,19.33276304533789,47.04875962360992,32.24978614200171,54.84147386461012,12.150267729736605,2.731455536142337,13.178294573643411,57.36434108527132,48.38709677419355,311.11111111111114
Montana,2021,1676.0,706.0,1077978,0.1248566415773603,60560,0.0403934480860065,0.850658362230027,0.0049527912443482,0.0407030570197165,1.0,1.0,189,619.5272459837743,2.0,56.9,0.62,0.67,unified_rep,0.0,0.0,0.0,155.47627131537007,65.49298779752463,17.53282534522968,2.373937677053824,35.102925243770315,0.0,29.36078006500541,55.42299349240781,20.67099567099567,49.78354978354979,17.424242424242426,54.22077922077923,11.410251415149474,29.406908118718565,8.130081300813007,56.09756097560976,51.21951219512195,6685.714285714286
Montana,2022,1462.0,564.0,1091840,0.1241191395166698,66341,0.0386733615883338,0.8459691896248535,0.0048065650644783,0.0420217247948417,1.0,1.0,191,664.435357422597,3.0,56.9,0.62,0.67,unified_rep,0.0,0.0,0.0,133.90240328253225,51.655920281359904,17.493405627198122,2.592198581560284,27.530364372469634,0.0,32.79352226720648,56.68016194331984,22.267206477732792,49.25775978407557,22.267206477732792,57.3549257759784,10.715855803048068,26.46907971864009,10.256410256410255,52.991452991453,60.68376068376068,5000.0
Nebraska,2015,8644.0,6617.0,1869365,0.127295059168257,52997,0.0466494645826861,0.8075635309316265,0.0458701216723325,0.0996423919352293,0.0,1.0,123,436.7412210705688,5.0,59.8,,,div_rep_gov,0.0,1.0,0.0,462.4030085082368,353.9704659068721,6.579774415376344,1.3063321747015264,60.18872163558751,2.9356698869167976,1.0429954228258422,92.3076923076923,8.609073214553078,25.003743075310677,62.33717622398562,100.0,7.061221323818516,-19.31137043862488,17.424242424242426,60.60606060606061,53.03030303030303,300.0
Nebraska,2016,12106.0,7621.0,1881259,0.1242459053268103,54384,0.0415169941165391,0.8033726350279254,0.045666758271987,0.1019540637413561,0.0,1.0,113,428.897776397194,6.0,59.8,,,div_rep_gov,0.0,1.0,0.0,643.5052270846279,405.1010520082562,6.006615782303235,1.5885054454795955,63.55956268635524,3.934727324102854,1.191135734072022,62.76785714285714,7.693902944836167,29.17185123738421,57.86672196875432,100.0,7.229201295515396,0.0,17.647058823529413,63.23529411764706,46.66666666666666,
Nebraska,2017,5337.0,8154.0,1893921,0.1197559550500727,56675,0.0377117472757164,0.7983680417504215,0.0460737274680411,0.1047034168795847,0.0,1.0,157,428.5569094214764,7.0,58.8,,,div_rep_gov,0.0,1.0,0.0,281.796336806023,430.5353813596238,8.289680509377106,0.6545253863134657,64.56504949799901,4.554367201426025,1.861173665386144,60.41869522882181,7.127743983073261,32.498016397778365,54.97884157630256,100.0,6.600064099822537,5.016048715865129,17.599999999999998,63.2,46.400000000000006,348.64864864864865
Nebraska,2018,11383.0,7833.0,1904760,0.115546860010431,59116,0.0352883807610973,0.793965643965644,0.0464320964320964,0.1067226317226317,0.0,1.0,140,441.8252669981228,8.0,58.8,,,div_rep_gov,0.0,1.0,0.0,597.6080976080976,411.2329112329113,7.35000735000735,1.4532107749265926,59.76219762197622,2.784431137724551,1.2895486579697106,67.90865384615384,8.088895540257408,35.47590541753966,45.951810835079314,100.0,6.457506457506457,0.0,17.073170731707318,61.78861788617886,46.34146341463415,
Nebraska,2019,11649.0,7866.0,1914571,0.1110824325116376,61439,0.0332227671433711,0.7897910289041252,0.0469410640817185,0.1087820718061644,0.0,1.0,146,456.6933057699124,9.0,58.8,,,div_rep_gov,0.0,1.0,0.0,608.4391751468083,410.8492189634127,7.625729210355741,1.48093058733791,51.64011246485474,3.112880179628496,1.6776315789473684,72.1188475390156,7.859545491836902,40.18377225367134,40.766264664861765,100.0,6.790032858535933,4.335174825065249,13.076923076923078,62.30769230769231,48.46153846153846,329.72972972972974
Nebraska,2020,4431.0,6536.0,1923826,0.1036766094293186,63015,0.0337387090048358,0.7834008896854497,0.0466487093947165,0.1117315183389766,0.0,1.0,210,426.1874775098957,10.0,58.8,,,div_rep_gov,0.0,1.0,0.0,230.32228486359992,339.73966460584273,10.915748097800943,0.677937576499388,51.50218963234545,3.0780875488835626,1.8855021492770607,73.31227793130675,7.298060995810192,39.793432719477735,37.06518561824028,100.0,6.341529847293882,2.9628459122602564,15.57377049180328,60.65573770491803,44.537815126050425,335.0
Nebraska,2021,7242.0,4080.0,1951480,0.1028972643557622,66644,0.0327585649859459,0.776664377805563,0.0467983274232889,0.1151397913378564,0.0,1.0,218,450.6922552559972,11.0,58.2,,,div_rep_gov,0.0,1.0,0.0,371.1029577551397,209.07208887613504,11.171008670342507,1.775,51.42059451469864,2.6440677966101696,0.9928637914986036,70.91183119819141,7.128498531003556,38.87428483067883,30.80253595175507,100.0,7.583987537663721,47.14370631520692,17.56756756756757,65.54054054054053,59.44055944055944,6368.421052631579
Nebraska,2022,6544.0,3584.0,1958939,0.1039844117167807,71722,0.0305012401769919,0.7707110839081768,0.0466359595679089,0.1178030556336874,0.0,1.0,223,455.00346749854407,12.0,58.2,,,div_rep_gov,0.0,1.0,0.0,334.05838568735425,182.9561818923407,11.383713326448651,1.8258928571428568,50.77319587628865,3.140773976444195,0.8886565603763722,68.06569343065694,8.398268398268398,37.90476190476191,28.173160173160174,100.0,7.299869980637478,39.20489611978729,14.084507042253522,66.19718309859155,53.84615384615385,6657.894736842106
Nevada,2015,11594.0,5315.0,2798636,0.1545158344145724,51847,0.1042169148305905,0.5199950976118366,0.0806757291766417,0.275331625834871,0.0,1.0,665,691.6674471803875,5.0,45.7,0.5238095238095238,0.6428571428571429,unified_rep,0.0,0.0,0.0,414.2732388206255,189.91394379261897,23.76157528167293,2.1813734713076203,62.903225806451616,4.075492341356674,17.591339648173207,90.6464731454214,18.059244126659856,30.755873340143005,48.518896833503575,32.37394734036883,2.787071987925547,-7.146338430578324,16.666666666666664,48.71794871794872,53.84615384615385,210.0
Nevada,2016,13770.0,4999.0,2839172,0.1490979413216091,53094,0.092493112804538,0.5126522803127109,0.0822211546183183,0.2784251887522136,0.0,1.0,707,718.1419453988698,6.0,45.7,0.5238095238095238,0.5952380952380952,unified_rep,0.0,0.0,0.0,485.00055650027537,176.07246056244568,24.90162624877957,2.754550910182036,41.608257932968016,6.997084548104956,13.001978815038996,46.86806802577374,15.889770473221876,17.63247378860867,58.87645225276282,23.415585389634742,2.782501377162074,0.0,16.455696202531644,51.89873417721519,51.89873417721519,
Nevada,2017,22220.0,9396.0,2887725,0.1423791397097701,55434,0.0793580924303223,0.5046436208433975,0.0840391657792899,0.281988416487027,1.0,1.0,756,706.0597328283555,7.0,45.5,0.45,0.3571428571428571,div_rep_gov,0.0,1.0,0.0,769.4638513016301,325.3772433316884,26.17977819910137,2.3648361004682843,36.42554605099244,4.918032786885246,12.209482491478154,42.179173719516015,17.070764757800738,29.354654483152487,66.39322984268729,22.12844673102492,2.631829554407016,2.458682873196028,14.473684210526317,52.63157894736842,55.26315789473685,217.3913043478261
Nevada,2018,11287.0,5530.0,2922849,0.1365414221678043,57598,0.0687355517394658,0.4988601874404049,0.0855216947574096,0.2845158952788871,1.0,1.0,741,690.4437243570081,8.0,45.5,0.4736842105263157,0.3414634146341463,div_rep_gov,0.0,1.0,0.0,386.1643211811489,189.1989630665149,25.351976787032104,2.0410488245931284,49.572167371885286,7.692995795688344,24.18029517351416,52.32438425595946,10.713796410467188,22.09891765995342,48.9108096999589,32.83838592149584,2.737055523566219,0.0,17.5,51.24999999999999,51.24999999999999,
Nevada,2019,12199.0,4774.0,2972382,0.1312988031599907,60365,0.0613153755472217,0.4922775740130306,0.0874053200429823,0.2869890209266507,1.0,0.0,710,638.8714465263604,-2.0,45.5,0.3809523809523809,0.3095238095238095,unified_dem,1.0,0.0,0.0,410.4115823605445,160.61192673081723,23.88656639691668,2.555299539170507,46.55819774718398,11.897233201581027,25.377528730173804,86.28881406659184,10.582758334026105,23.202261202094935,55.91487239172,35.13920240782543,3.532520382642608,2.455942742218194,13.333333333333334,51.42857142857142,58.0952380952381,238.46153846153845
Nevada,2020,10130.0,3012.0,3030281,0.1277504612899652,62043,0.0653052022224959,0.4818559730929244,0.08967617194577,0.2890154411422571,1.0,0.0,915,552.6335698979035,-3.0,45.5,0.3809523809523809,0.3170731707317073,unified_dem,1.0,0.0,0.0,334.2924303059684,99.3967226141734,30.195219519245907,3.363213811420983,42.81557433836774,5.864197530864197,29.60196101319015,90.09308510638296,8.082535339717282,19.34564523483812,53.41997264021888,34.89278752436647,3.564025910468369,1.4850107960284873,12.037037037037036,52.77777777777778,55.23809523809524,285.7142857142857
Nevada,2021,8576.0,2935.0,3059238,0.128825743280876,65686,0.0706712777580235,0.4716478417174473,0.0892607897783696,0.2933459247041257,1.0,0.0,1039,496.6869684178753,-4.0,47.7,0.4285714285714285,0.3809523809523809,unified_dem,1.0,0.0,0.0,280.3312458854133,95.93892335280876,33.96270574567915,2.921976149914821,49.65549639837143,8.889834113143344,27.85845199492457,84.29447852760737,10.173244757066565,22.534844340237072,54.05757457340107,35.34981588637559,3.4976029978707115,31.83799364416891,14.018691588785046,54.20560747663551,57.943925233644855,4900.0
Nevada,2022,7833.0,5557.0,3104817,0.1271182927732838,71646,0.0696277028413885,0.4637709726531386,0.0897602016479554,0.2958335386594443,1.0,0.0,1127,496.7054219658139,-5.0,47.7,0.45,0.3902439024390244,unified_dem,1.0,0.0,0.0,252.28540039557885,178.97995276372166,36.29843562438624,1.4095735108871692,33.94045152143091,19.36468054558507,37.27574750830564,80.40490143846564,17.557538750587128,36.054485674025365,72.35321747299201,48.54524844133762,4.058210194030759,32.046977325877826,9.523809523809524,50.0,57.93650793650794,4343.75
New Hampshire,2015,7831.0,2924.0,1324201,0.0887093506388257,66779,0.0575238869579498,0.9140372194251476,0.0116938440614378,0.0318237186046529,0.0,0.0,415,318.35934495119665,-3.0,46.4,0.5833333333333334,0.5989974937343359,div_dem_gov,0.0,0.0,1.0,591.3754784960894,220.81239932608415,31.33965311912617,2.678180574555404,28.88640803795702,7.093758592246358,61.74083403302547,53.31308669243512,64.61369260379433,5.251580973329667,50.83860324443222,53.31317019521584,4.304482476602872,-11.25206822831277,3.508771929824561,57.89473684210527,40.35087719298245,222.22222222222223
New Hampshire,2016,8505.0,3797.0,1327503,0.0853328478953071,68485,0.0505586281481044,0.9124431357217272,0.0117250205837576,0.0327682875292937,0.0,0.0,458,309.2577594286304,-4.0,46.4,0.5833333333333334,0.5989974937343359,div_dem_gov,0.0,0.0,1.0,640.6765182451566,286.02571896259366,34.500863651532235,2.239926257571768,35.53546592489569,4.451102075754333,63.342025206431984,72.143470790378,67.90070618446394,7.1688422854697205,43.46244382623583,45.99743150684932,4.821081383620226,0.0,1.5625,50.0,35.9375,
New Hampshire,2017,7717.0,4415.0,1331848,0.0810312932662661,71305,0.0448276460744759,0.9093455108991416,0.0121387725926682,0.0339873619211801,0.0,1.0,478,301.40355415071053,2.0,46.5,0.5833333333333334,0.5625,unified_rep,0.0,0.0,0.0,579.420474408491,331.4942846330813,35.88998143932341,1.7479048697621742,37.874550539352775,3.859714232696233,66.97264893218434,79.14338919925513,66.17183150862869,14.306921506773056,36.70439784746706,47.76396362961589,5.030604092959557,3.003345727140034,0.0,46.26865671641791,37.3134328358209,264.2857142857143
New Hampshire,2018,6218.0,2879.0,1343622,0.0786921141816795,74057,0.0401883531529053,0.9039350353001068,0.0131152958198064,0.0359892886541006,0.0,1.0,446,298.53856488717065,3.0,46.5,0.5833333333333334,0.55470737913486,unified_rep,0.0,0.0,0.0,462.7789661080274,214.27157340382936,33.193859582531395,2.1597777005904826,29.423573272153718,6.76126878130217,52.31937025583356,80.70028011204482,63.80077907623818,14.385086254869226,57.26210350584308,51.58597662771286,5.358649977449015,0.0,1.3888888888888888,50.0,43.05555555555556,
New Hampshire,2019,5457.0,1979.0,1348124,0.0756176375254499,76768,0.0361358010541694,0.901198257727034,0.013600380973857,0.0374542697852719,0.0,1.0,395,295.1615875327957,4.0,46.5,0.4166666666666667,0.415,div_rep_gov,0.0,1.0,0.0,404.7847230670176,146.7965854773003,29.29997537318525,2.7574532592218293,42.155638784852265,11.836238346169436,52.96296296296297,75.83673469387755,61.69436562626672,18.52452371301176,60.235103364410215,48.23672476692339,5.934172227480558,3.9313891007058697,1.25,50.0,45.0,181.25
New Hampshire,2020,4382.0,1436.0,1355244,0.0742079724551901,77923,0.0374227832332685,0.8958010513235993,0.0135348321040344,0.0389538710372449,0.0,1.0,393,258.2401897274863,5.0,46.5,0.4166666666666667,0.4090909090909091,div_rep_gov,0.0,1.0,0.0,323.3366094961498,105.95877937847357,28.99846817252096,3.0515320334261835,44.742729306487696,14.531336661120356,60.25930101465614,79.06197654941374,59.95562950637826,25.734886300610093,49.80587909040488,59.26748057713651,8.04283213945238,2.803923131185233,0.9174311926605504,50.45871559633027,50.45871559633027,223.0769230769231
New Hampshire,2021,3594.0,675.0,1372175,0.073968837032439,83449,0.0376036155174183,0.8894674513090531,0.0136316431941989,0.0407491755789166,0.0,1.0,433,233.57712327864533,6.0,45.4,0.5833333333333334,0.5325,unified_rep,0.0,0.0,0.0,261.9199446134786,49.1919762420974,31.55574179678248,5.3244444444444445,46.21026894865526,13.77245508982036,71.44592952612395,70.42424242424242,61.91616766467066,24.790419161676645,61.67664670658682,68.74251497005987,7.724962195055295,19.53103649315867,5.714285714285714,35.23809523809524,52.38095238095239,7225.0
New Hampshire,2022,3235.0,385.0,1379610,0.0732511786662527,90845,0.0356018604457956,0.8826479947231464,0.0133929153891317,0.0425149136350127,0.0,1.0,484,229.49658175513176,7.0,45.4,0.5652173913043478,0.5309278350515464,unified_rep,0.0,0.0,0.0,234.486557795319,27.90643732649082,35.082378353302744,8.402597402597403,39.03966597077244,19.405940594059405,68.34677419354838,81.8,53.66336633663367,25.14851485148515,44.55445544554456,61.18811881188119,8.625626082733525,20.80298055247497,5.042016806722689,44.537815126050425,52.10084033613446,2075.0
New Jersey,2015,49499.0,54266.0,8904413,0.1082439326611423,72093,0.0878984150585177,0.5720118777060318,0.1271965934194651,0.1895698234122788,0.0,1.0,1423,338.9138018589064,5.0,40.7,0.4,0.4,div_rep_gov,0.0,1.0,0.0,555.8929038893411,609.4281565780922,15.98084006211302,0.9121549404783844,57.09558930705769,23.067231302278373,55.75554259043174,36.36141187985563,52.29957898110514,0.4734641551214253,57.142024678408575,56.84106162294081,4.211394956635546,-12.488189844743276,5.6000000000000005,55.73333333333333,51.46666666666667,286.0
New Jersey,2016,62247.0,63327.0,8915456,0.1086319601037091,73702,0.0784894415774235,0.5669492396126458,0.1271856425515419,0.1929044347254924,0.0,1.0,1971,326.65689304487944,6.0,40.7,0.4,0.3625,div_rep_gov,0.0,1.0,0.0,698.1919937690232,710.3057880606443,22.10767458220869,0.9829456629873514,52.38414249684742,27.0608102514859,54.77301097168385,24.24182437247605,56.72417868116284,0.8049055910081673,58.23551038630216,70.3262687864698,4.138879716303911,0.0,5.420054200542006,53.387533875338754,51.36612021857923,
New Jersey,2017,63725.0,69028.0,8960161,0.1068138860374255,76475,0.069464477052615,0.560660238136346,0.126822163128542,0.196929497137384,0.0,1.0,2621,322.31854749454726,7.0,41.4,0.4,0.35,div_rep_gov,0.0,1.0,0.0,711.2037384149683,770.3879428059385,29.251706526255496,0.9231761024511792,50.902685504614,29.35892393612837,55.06072874493927,23.587067053821933,58.51631613579315,1.1868496088514122,58.96717276338557,72.44486282947821,3.805735187124428,2.3660289139893806,4.69208211143695,51.31964809384164,49.8533724340176,313.20754716981133
New Jersey,2018,56467.0,74009.0,8881845,0.1038298192912903,79363,0.0608619093651048,0.5584430937491028,0.1271421647191546,0.1990599926028882,0.0,0.0,2857,318.3114401743167,-2.0,41.4,0.375,0.325,unified_dem,1.0,0.0,0.0,635.7575481220399,833.2615577056343,32.16674013113266,0.7629747733383777,47.7697130401564,35.73308430257238,57.82552054086836,24.198497394129458,57.84736251402918,1.7452300785634116,60.56228956228957,73.8463789978498,4.098247605086556,0.0,4.945054945054945,48.9010989010989,53.71900826446281,
New Jersey,2019,55952.0,79429.0,8878503,0.0998232064911887,82545,0.0550322622327499,0.553739746441489,0.1267714838864164,0.2021439875618671,0.0,0.0,2774,305.7784454206092,-3.0,41.4,0.35,0.325,unified_dem,1.0,0.0,0.0,630.1963292685715,894.6215369865844,31.24400588702848,0.7044278538065442,42.96593882891724,51.103572844618704,62.914076558154754,27.687931901960177,56.434905197777056,2.5457665903890163,62.93825596600197,75.07295943967151,4.122316566204911,1.9823161629837824,4.918032786885246,48.36065573770492,51.91256830601093,260.9756097560976
New Jersey,2020,37799.0,64472.0,8885418,0.0967092168369408,85245,0.0577168999805908,0.5468293106750859,0.126176843903123,0.2042760396865966,0.0,0.0,2817,211.17912845731755,-4.0,41.4,0.375,0.35,unified_dem,1.0,0.0,0.0,425.40485996269393,725.593326053991,31.703629474719143,0.5862855192951979,36.019234114460374,85.84330095528618,61.30420879147911,49.93203331603272,55.69142660505359,3.431324353554223,64.98869334382067,76.55475855949123,4.2654155381322525,1.7669399458753656,4.485488126649076,46.17414248021108,48.67724867724868,275.0
New Jersey,2021,1764.0,66694.0,9234024,0.0975764953397877,89703,0.0621754865815459,0.5378848917871558,0.125494583943035,0.2084143381043844,1.0,0.0,3009,206.67309855295773,-5.0,41.3,0.375,0.35,unified_dem,1.0,0.0,0.0,19.103264189046943,722.263663165701,32.58601017281307,0.0264491558461031,30.97084439476503,99.89475325485304,59.642255017436895,76.05700712589073,53.30856476941005,3.837588987988785,66.72512663120608,71.71281576969767,4.7541570175689385,35.065969072638325,4.10958904109589,47.26027397260274,50.57208237986271,5932.35294117647
New Jersey,2022,9609.0,62917.0,9249063,0.096814024537964,97126,0.0623241449168377,0.5298282647658471,0.1240958138137885,0.21228344968566,1.0,0.0,2945,210.4316367348432,-6.0,41.3,0.4,0.425,unified_dem,1.0,0.0,0.0,103.89160501988148,680.2526915429163,31.841063251488286,0.1527250186753977,27.076364331453696,99.8720665254068,58.930823596601854,81.58477732405667,51.1758411603852,3.770063012721436,67.22981809535132,68.6884129809013,4.6923672160088,39.17153553824858,3.233256351039261,45.72748267898383,51.27020785219399,5832.258064516129
New Mexico,2015,7796.0,2075.0,2084117,0.2100923971840951,44963,0.0913079595149765,0.3920355718992743,0.0182720068019213,0.4735684225021915,0.0,1.0,496,524.7296578620812,5.0,42.8,0.4047619047619047,0.5285714285714286,div_rep_gov,0.0,1.0,0.0,374.0672908478747,99.56254855173678,23.799047750198284,3.75710843373494,60.03296250515039,23.483226266952176,23.894020418084587,88.22188449848024,24.75848124017075,6.784992136598516,31.408672208492472,66.6403162055336,7.533166324155506,-24.13492140796318,22.92993630573249,44.5859872611465,57.961783439490446,292.30769230769226
New Mexico,2016,7893.0,2028.0,2082669,0.2090161967547724,45674,0.0839993087583831,0.3868127868614744,0.0179183538046612,0.4781513529034138,0.0,1.0,494,522.2440430497868,6.0,42.8,0.4047619047619047,0.5285714285714286,div_rep_gov,0.0,1.0,0.0,378.9848506891877,97.37505095624893,23.71956369447089,3.8920118343195274,58.3502024291498,30.127462340672075,17.980490377010284,78.95362663495838,28.806476886915643,11.674066335857926,32.25385218072604,68.25469537333943,7.298327290606428,0.0,23.684210526315788,44.07894736842105,57.615894039735096,
New Mexico,2017,2734.0,2984.0,2084828,0.2056332611835435,46718,0.0766118261386537,0.3816756106498953,0.0178849286367988,0.4816239037464961,0.0,1.0,494,540.7904340445268,7.0,40.0,0.3809523809523809,0.4571428571428571,div_rep_gov,0.0,1.0,0.0,131.1379164132485,143.12931330546212,23.69500025901417,0.9162198391420912,44.87212606561612,37.28192978677579,58.47615815374173,68.87150837988827,27.94801861062089,13.332263757420185,38.95395475693888,92.22692945293792,6.427388734226517,2.638107316287003,23.88059701492537,43.28358208955223,55.223880597014926,265.2173913043478
New Mexico,2018,5715.0,5357.0,2092434,0.2001062971297336,48059,0.0711767853536352,0.3767421099064534,0.0181683149862791,0.485439923075232,0.0,1.0,525,524.0957298498984,8.0,40.0,0.3809523809523809,0.4571428571428571,div_rep_gov,0.0,1.0,0.0,273.1268943249823,256.0176330531811,25.09039711646819,1.0668284487586337,38.018545632015616,48.164054112089325,79.36620341683633,74.31637244721357,30.22723269332394,14.074335036110622,38.03064999119253,93.12056737588652,6.690772564391517,0.0,20.714285714285715,45.0,58.57142857142858,
New Mexico,2019,3711.0,6105.0,2092454,0.1912525256270043,49754,0.0659647255350577,0.3738524239959397,0.0181179610161083,0.4878563638674972,0.0,0.0,609,501.2563095069451,-2.0,40.0,0.3809523809523809,0.3428571428571428,unified_dem,1.0,0.0,0.0,177.3515690189605,291.7626863003918,29.10458246632901,0.6078624078624077,36.49796195652174,49.68101148358659,79.53422724064926,70.23145277949989,35.197050820679365,20.100061441235848,45.08031247257088,100.0,7.933268783925477,3.2019819790542585,19.27710843373494,48.795180722891565,64.45783132530121,159.0909090909091
New Mexico,2020,1317.0,3553.0,2097021,0.1855126006069402,51243,0.0649974501639477,0.36677696599128,0.0181090222749319,0.4920255924952587,0.0,0.0,792,409.5827468853094,-3.0,40.0,0.3809523809523809,0.3428571428571428,unified_dem,1.0,0.0,0.0,62.80337679021813,169.43082591924448,37.76786212441363,0.3706726709822685,36.27888123226591,51.03346456692913,84.91208167895633,66.52551816358368,47.461650840029215,17.220598977355735,41.43535427319211,100.0,7.677557830846711,1.6213476164521003,16.149068322981368,52.17391304347826,67.3076923076923,208.33333333333331
New Mexico,2021,1615.0,2491.0,2109366,0.1832522417078573,54020,0.0654625386226489,0.3602584852510185,0.0179428321116392,0.4960784425272807,1.0,0.0,1040,384.4492730596836,-4.0,43.5,0.3571428571428571,0.3478260869565217,unified_dem,1.0,0.0,0.0,76.56328963299873,118.09235571256956,49.3039140670704,0.6483340024086712,39.1566265060241,47.5434391851408,85.63175081637779,75.87476979742172,43.73626373626374,13.211233211233212,33.91941391941392,100.0,6.400027306783175,33.42236482431214,16.296296296296298,52.59259259259259,66.66666666666666,3010.0
New Mexico,2022,2730.0,2922.0,2112463,0.1828378640692314,58722,0.0614202767081295,0.3561832798964999,0.0179865872206992,0.4978198434718146,1.0,0.0,1007,371.8384380690737,-5.0,43.5,0.3658536585365853,0.3478260869565217,unified_dem,1.0,0.0,0.0,129.2330327205731,138.3219493075145,47.66947397421872,0.9342915811088296,27.602905569007262,37.333333333333336,79.16573722953379,81.09550561797752,43.48599377501112,25.389061805246776,60.893730546909744,100.0,6.864025547429707,30.722431588150894,28.965517241379317,46.89655172413793,67.58620689655173,6000.0
New York,2015,60534.0,231799.0,19673174,0.1568533535267157,59269,0.0820340550640835,0.5678045647336826,0.1439428635155669,0.1839895280751342,0.0,0.0,1802,382.3739696815224,-9.0,35.2,0.5079365079365079,0.2933333333333333,div_dem_gov,0.0,0.0,1.0,307.6981884062023,1178.2491223836073,9.159681096705595,0.2611486675956324,32.638869177712806,12.5957543437612,51.97044457859577,,45.28196122257109,1.1299735689071009,51.40084792365139,75.5230522104381,4.462930079304946,-9.901808421965873,12.984054669703871,71.75398633257403,47.26651480637813,287.0192307692308
New York,2016,65878.0,231293.0,19697457,0.1546729078640525,60741,0.0749993233283394,0.5640989088083807,0.1436674287447359,0.1859087190798284,0.0,0.0,2248,375.1284983010634,-10.0,35.2,0.5079365079365079,0.2972972972972973,div_dem_gov,0.0,0.0,1.0,334.4492641867425,1174.227718837005,11.41264072819146,0.2848248758068769,32.70144211195474,14.281785812497544,53.09196841438413,,46.507035211770585,1.5081065638168702,51.62595528890793,76.04113674676562,4.523426551965566,0.0,14.029180695847362,70.59483726150393,45.31073446327684,
New York,2017,71606.0,229399.0,19798228,0.1508116897258492,62765,0.0673500781529297,0.5592198958411834,0.1435920931913704,0.1882106822893443,0.0,0.0,2444,366.66200873491925,-11.0,36.5,0.492063492063492,0.2866666666666667,unified_dem,1.0,0.0,0.0,361.67883307536414,1158.6845044920185,12.344539117339188,0.3121460860770971,32.30396912623375,16.66344460196761,54.10820466390975,,45.68352019703023,1.962426793819895,51.74012343027336,76.50368949521442,4.111479067722627,4.2579568232066025,12.8992628992629,71.37592137592138,42.997542997543,298.4251968503937
New York,2018,70941.0,223600.0,19618453,0.1464224200615909,65323,0.0598438670850389,0.5586339554907821,0.1431651619013996,0.1888827829594922,0.0,0.0,2236,346.6927293324901,-12.0,36.5,0.5081967213114754,0.2642857142857143,div_dem_gov,0.0,0.0,1.0,361.6034352963508,1139.7432814911551,11.397432814911552,0.3172674418604651,31.59877382725644,18.20762660026914,55.44146743209131,,43.1768142637176,2.588464693269632,52.11718064209754,76.61259276946393,4.439697666273687,0.0,12.629161882893223,71.29735935706086,45.684695051783656,
New York,2019,56251.0,219430.0,19572319,0.1406521367368928,68486,0.0543745249755715,0.556081882785581,0.1425740097532642,0.1901145694590406,0.0,0.0,2086,324.9004852220695,-13.0,36.5,0.365079365079365,0.2866666666666667,unified_dem,1.0,0.0,0.0,287.4007929259686,1121.1241754234643,10.65790926460988,0.2563505445928086,31.157886195653777,19.798755500473973,56.9705597802385,,42.66178374251795,3.390755636200023,53.021032716329394,77.5629266532343,4.58300316891422,3.949455350691964,11.37123745819398,72.12931995540691,47.421524663677125,287.3913043478261
New York,2020,33690.0,164053.0,19514849,0.1357796145824489,71117,0.0568709126865981,0.5516976841583555,0.1402763095937867,0.1906603018040262,0.0,0.0,2874,257.470573417476,-14.0,36.5,0.3548387096774194,0.2876712328767123,unified_dem,1.0,0.0,0.0,172.63776932119742,840.6572861516888,14.727246928736164,0.2053604627772732,27.4172669690412,22.608076924977397,60.0975558029797,,42.63271002643085,4.4349480028654,51.13652644319839,78.01193843952274,4.468392248384807,3.0335873979860155,11.238532110091745,72.36238532110092,49.53379953379953,287.8787878787879
New York,2021,3502.0,151578.0,20114745,0.1345034439171746,75157,0.0622270603936786,0.5465232594298362,0.1390634084598139,0.1924833250433947,1.0,0.0,3170,233.17078449541097,-15.0,37.9,0.3174603174603174,0.2885906040268456,unified_dem,1.0,0.0,0.0,17.410113824460613,753.5666000240122,15.75958333053688,0.023103616619826,25.202986442982017,23.06443964381685,60.67564224884272,,41.49017996375437,5.160787288742783,52.10361613351877,74.8457717067931,4.5588447678556205,35.07874447327073,10.601092896174864,71.91256830601093,50.43668122270743,5017.64705882353
New York,2022,14213.0,145612.0,19994379,0.1360694005374913,81386,0.0621037837818907,0.5382420229205418,0.138400047333303,0.194840459911258,1.0,0.0,3401,242.95888793657795,-16.0,37.9,0.3174603174603174,0.2885906040268456,unified_dem,1.0,0.0,0.0,71.08497843318865,728.2646787879734,17.009780598837303,0.0976087135675631,22.695436858860983,22.794309721798943,61.24237861689599,,39.38340325274917,5.8389513719984985,54.72813045820343,74.31377224093225,4.696319900708094,49.97904661105003,10.969116080937168,71.35250266240682,54.54545454545454,4626.126126126126
North Carolina,2015,23361.0,44307.0,9845333,0.1738279191532573,46868,0.0923630117732182,0.6423726856166266,0.2116991878283853,0.0883573973577125,0.0,1.0,1537,554.7799144732605,3.0,50.4,0.68,0.6166666666666667,unified_rep,0.0,0.0,0.0,237.2799376110488,450.0304865259509,15.611457733324002,0.5272530299952604,37.91149348307661,0.7893985454911906,36.11638416180893,,27.909710792381848,4.102986127439454,33.08085049208962,35.261467041192205,4.367551610494028,-13.092497734713492,7.441860465116279,41.3953488372093,45.34883720930232,306.4516129032258
North Carolina,2016,24600.0,74191.0,9940828,0.1684685506009956,48256,0.0817627996883756,0.6399303961400399,0.211712444878837,0.0890029482453574,0.0,1.0,1931,535.792200821587,4.0,50.4,0.68,0.6218487394957983,unified_rep,0.0,0.0,0.0,247.46429573069767,746.3261611608208,19.4249412624381,0.3315766063269129,34.94259986343462,1.0088325612317044,34.95219401000443,,33.03859708358833,6.141979867896259,30.01667123894739,40.329257217681466,4.7782740029301385,0.0,6.315789473684211,39.36842105263158,45.43524416135881,
North Carolina,2017,30422.0,64463.0,10052564,0.161479283275983,50320,0.0701790558287719,0.6364008227154784,0.2116170561062829,0.0910008630633935,0.0,0.0,2369,542.6015413617012,-2.0,49.8,0.7,0.6166666666666667,div_dem_gov,0.0,0.0,1.0,302.6292595600485,641.2592846959243,23.566127009984715,0.4719296340536431,37.58760383232957,2.2644117892428524,32.55786236979477,,33.165320178260764,7.658301756392841,27.863968923524222,51.37854171384979,4.585894703082716,2.029333013945497,6.941431670281996,38.6117136659436,43.81778741865509,286.0215053763441
North Carolina,2018,37236.0,41180.0,10155624,0.1542256822285992,52413,0.0616404795026328,0.6334459605830227,0.2113364969006335,0.0921607574285932,0.0,0.0,2246,516.7609325832731,-3.0,49.8,0.7,0.625,div_dem_gov,0.0,0.0,1.0,366.65398403879465,405.489608516424,22.11582468984673,0.904225352112676,38.23147628403032,4.226884226884227,29.2701876758922,,29.36769605220003,8.908874350520447,26.350313303757915,47.35288023207625,4.913533624324808,0.0,6.813627254509018,37.675350701402806,45.18072289156627,
North Carolina,2019,28671.0,42905.0,10264876,0.1469811738555784,54602,0.0547384338150846,0.6307614431971706,0.210942733258541,0.0937824285456541,0.0,0.0,2236,501.46470838559526,-4.0,49.8,0.58,0.5416666666666666,div_dem_gov,0.0,0.0,1.0,279.3117033269569,417.9787461631295,21.783020077397914,0.6682437944295537,38.15119251209062,4.756799970928649,25.09537477745885,,32.703168982112054,12.681376554980478,27.316807409425227,46.66666666666666,5.241173882665509,1.8704561068248655,6.319702602230483,35.68773234200744,43.177570093457945,300.0
North Carolina,2020,33156.0,30956.0,10386227,0.1398190591909751,56642,0.0534188001381798,0.6261457601494749,0.210145898024374,0.0954197323050998,0.0,0.0,3121,431.9324155740805,-5.0,49.8,0.58,0.5416666666666666,div_dem_gov,0.0,0.0,1.0,319.23045779761986,298.0485598860876,30.04941062813281,1.0710686135159582,33.22903332859242,5.236204749935399,25.847983332943187,,32.74276218784375,13.963067849369253,30.514662859550167,49.54106958883582,5.757624977771043,1.2227731976202716,5.183946488294314,34.78260869565217,39.310344827586206,258.8235294117647
North Carolina,2021,34780.0,31559.0,10367022,0.1366991919652495,60516,0.0524233456880428,0.6206141937385683,0.2084064256832868,0.0980734872560316,0.0,0.0,3900,420.7179847325585,-6.0,49.9,0.56,0.575,div_dem_gov,0.0,0.0,1.0,335.4868929573025,304.4172183680135,37.619289319536506,1.1020628030038977,37.18460743316262,8.177985948477753,23.286584369822418,,32.390061821999296,15.915082234923595,28.083518021696023,46.227846918999695,5.372806192559445,32.57444616207046,6.474820143884892,37.94964028776979,42.7027027027027,4902.173913043478
North Carolina,2022,32150.0,27513.0,10470214,0.1332610783951353,66186,0.049778921214151,0.6166051620339374,0.2064753404276168,0.1003807563054585,0.0,0.0,4255,425.8891497957666,-7.0,49.9,0.56,0.575,div_dem_gov,0.0,0.0,1.0,307.0615366600912,262.77399869763883,40.63909295454706,1.1685385090684404,39.61375916118333,7.889291952169825,25.897360625550427,,30.257613739399435,16.982239052749478,25.036001920102407,40.693114211776006,5.367607577075311,27.85043362055446,6.049822064056939,32.562277580071175,39.14590747330961,5213.157894736842
North Dakota,2015,4664.0,2189.0,721640,0.1145627302695365,57181,0.0283187589545971,0.8704589546034034,0.016003824621695,0.0285031317554459,0.0,1.0,66,354.5531938428233,9.0,58.3,0.6595744680851063,0.7553191489361702,unified_rep,0.0,0.0,0.0,646.3056371598027,303.3368438556621,9.145834488110417,2.130653266331658,56.30081300813008,0.0,40.71132596685083,40.34542314335061,17.603249830737983,39.97968855788761,55.61949898442789,71.28610729023383,8.868687988470706,-21.34028047225764,26.5625,26.5625,35.9375,350.0
North Dakota,2016,5734.0,4733.0,736162,0.1116540321388601,59114,0.0272442611477462,0.8637147801706689,0.0196858843569757,0.0312390479269508,0.0,1.0,80,355.58502770624824,10.0,58.3,0.6808510638297872,0.7553191489361702,unified_rep,0.0,0.0,0.0,778.9046432714539,642.9291378799775,10.867173258060046,1.211493767166702,60.42753745160747,0.0661157024793388,37.220585687055966,50.39875173370319,20.079325731284083,47.645017352503714,32.02776400594943,99.22367782629792,8.150379943545035,0.0,26.666666666666668,23.33333333333333,35.0,
North Dakota,2017,4738.0,4154.0,745475,0.1102842486404472,61285,0.0265259288861024,0.856867098158892,0.0228230322948455,0.0331922599684764,0.0,1.0,76,343.9767141938807,11.0,63.0,0.8085106382978723,0.8617021276595744,unified_rep,0.0,0.0,0.0,635.567926489822,557.2286126295315,10.194842214695328,1.1405873856523832,57.57227646946199,0.4080118694362018,43.10003954132068,68.12425801345469,20.140949554896142,51.20548961424333,33.88353115727003,98.9936440677966,9.389986250377277,5.097421107347664,22.857142857142858,31.428571428571427,37.142857142857146,305.2631578947369
North Dakota,2018,4618.0,3148.0,752201,0.1089888660043282,63473,0.027923765659191,0.8501411191955341,0.026738863681383,0.0352684987124452,0.0,1.0,70,338.8190706162909,12.0,63.0,0.8085106382978723,0.8617021276595744,unified_rep,0.0,0.0,0.0,613.9316485886086,418.50516018989606,9.306023257081552,1.4669631512071155,50.63004032258065,0.9263547938860583,63.0416068866571,77.4360448404714,17.01340730466944,50.04623208506703,34.85899214054554,96.0304333443599,10.103682393402828,0.0,25.0,27.631578947368425,34.21052631578947,
North Dakota,2019,4308.0,4006.0,756717,0.1067803136854351,64894,0.0271383398645224,0.8444173977854337,0.0285139622870901,0.0374208587886885,0.0,1.0,90,358.6536693029244,13.0,63.0,0.7872340425531915,0.8404255319148937,unified_rep,0.0,0.0,0.0,569.3013372238235,529.392097706276,11.893481975428069,1.075386919620569,36.36782668817701,5.259547221587011,74.10714285714286,72.51356238698011,17.984322508398655,47.41321388577828,34.49048152295633,70.47347133000238,10.968433377339217,6.21104058716799,22.89156626506024,27.710843373493976,38.55421686746988,400.0
North Dakota,2020,4593.0,3459.0,760394,0.1053092919403893,65315,0.0304953809966424,0.836781984076676,0.0308511113975123,0.0398806408256772,0.0,1.0,123,280.4574599482325,14.0,63.0,0.7872340425531915,0.8387096774193549,unified_rep,0.0,0.0,0.0,604.0289639318564,454.8957514130832,16.17582463827963,1.3278404163052908,30.18259935553169,6.125738850080602,58.53658536585365,85.5072463768116,17.349397590361445,49.95983935742972,41.74029451137885,65.47266361432804,11.178415400437142,2.8932369271719662,22.35294117647059,29.411764705882355,34.523809523809526,318.1818181818182
North Dakota,2021,4120.0,3488.0,773344,0.1072305597091076,68131,0.0310055589346082,0.8313971531427152,0.0308879360284685,0.0412830512682583,0.0,1.0,136,339.5131835240624,15.0,65.1,0.851063829787234,0.851063829787234,unified_rep,0.0,0.0,0.0,532.7512723962428,451.0282616791493,17.585964331526462,1.1811926605504586,26.7741935483871,6.941081517352704,0.0,100.0,19.598393574297187,51.914323962516725,47.630522088353416,66.334500403986,9.568833533330574,38.275334133322296,21.62162162162162,28.37837837837838,36.98630136986301,5681.818181818182
North Dakota,2022,3820.0,3128.0,776874,0.10763530000959,73959,0.028778693710282,0.8295025963026179,0.0320283598112435,0.0427212134786336,0.0,1.0,141,366.14609571788407,16.0,65.1,0.8478260869565217,0.851063829787234,unified_rep,0.0,0.0,0.0,491.7142290770447,402.6392954327214,18.149661335042747,1.2212276214833762,22.44718309859155,7.913017215342796,0.0,85.36585365853658,18.34835708054667,47.13579528932829,50.59610351846467,66.95190321628799,8.109423149699952,24.84315345860461,22.22222222222222,33.33333333333333,41.26984126984127,5957.142857142857
Ohio,2015,34900.0,45026.0,11575977,0.1577334593067383,49429,0.081550364442646,0.8026366154666686,0.120381027018281,0.0337742550801543,0.0,1.0,3336,681.2223110381804,5.0,47.7,0.696969696969697,0.6565656565656566,unified_rep,0.0,0.0,0.0,301.48643177159045,388.96068988388623,28.818301902293,0.7751077155421313,53.872691478391296,11.71306548560582,29.873312037171484,59.42400290724085,46.50285610662798,3.387433130836885,32.82618551092574,63.59171053404042,3.187635911854352,-8.707688344577742,6.504065040650407,80.75880758807588,69.37669376693766,246.15384615384616
Ohio,2016,39396.0,42727.0,11586941,0.153790903039716,50674,0.072375600062823,0.799617690294617,0.1210347925306601,0.0346020576095105,0.0,1.0,4326,681.1633368974462,6.0,47.7,0.696969696969697,0.6565656565656566,unified_rep,0.0,0.0,0.0,340.0034573404663,368.75133825226175,37.335134441437134,0.9220399279144336,55.0075157831446,13.58746892945916,30.047848743728327,61.90005044038335,48.4917715392062,5.3378509196515,31.792836398838336,64.90143104394444,3.4866838452012483,0.0,7.673267326732673,80.19801980198021,65.23929471032746,
Ohio,2017,32957.0,43124.0,11609756,0.1491598888526791,52407,0.0644627339579303,0.796156870135772,0.1213382951372966,0.0357018700479148,0.0,1.0,5138,672.6962525129082,7.0,51.7,0.7272727272727273,0.6666666666666666,unified_rep,0.0,0.0,0.0,283.8733217132212,371.4462216087918,44.25588272483935,0.7642380113162044,52.79014606133744,14.19176640799684,28.92737888344301,61.516046388829125,48.81837519270925,9.66961341061218,37.91347110824893,66.00944121198815,3.505672298366994,2.213655480787021,7.125307125307126,77.14987714987716,60.44226044226044,245.83333333333331
Ohio,2018,34650.0,35565.0,11641879,0.1454167878483539,54533,0.0581620308857004,0.7920231777018125,0.1218057669213019,0.0370496034188295,0.0,1.0,4004,660.5074660879428,8.0,51.7,0.7272727272727273,0.6597938144329897,unified_rep,0.0,0.0,0.0,297.6323667339267,305.49192273858887,34.39307348925376,0.9742724588781104,53.306002049846256,14.607449405464996,34.88272819977708,64.77421193909305,46.069812080854994,15.983791085096804,41.683452214507454,68.48347409029299,3.977021235145976,0.0,6.911447084233262,75.377969762419,61.60520607375272,
Ohio,2019,29306.0,25519.0,11655397,0.1401764005567013,56602,0.0531358521482997,0.7890863777527269,0.122337059818726,0.0380437491747385,0.0,1.0,4279,660.8796481680408,9.0,51.7,0.7272727272727273,0.6161616161616161,unified_rep,0.0,0.0,0.0,251.43716683352787,218.94578108321835,36.71260618578672,1.1483992319448255,52.32873776698336,13.362557629808784,33.95206527281999,64.8036511018017,47.09797928340975,22.51995245372729,44.12294107658346,75.10232678196098,4.727423699081207,2.771248375323466,6.170598911070781,69.87295825771325,54.99092558983666,228.9719626168224
Ohio,2020,16005.0,20508.0,11675275,0.1362078866448324,58116,0.0529473762174198,0.782968281261041,0.1218311345985426,0.0393942755095704,0.0,1.0,5215,593.9591991336711,10.0,51.7,0.7272727272727273,0.6161616161616161,unified_rep,0.0,0.0,0.0,137.08456545991422,175.65325013757706,44.66704210393331,0.7804271503803394,53.103898932694406,13.376521054013832,23.365541473208683,60.12161878800587,43.727284120817146,24.66474495550821,44.17011321385303,72.53616027311112,5.22471633430476,2.192667838659047,5.245901639344262,64.09836065573771,51.53061224489795,267.1232876712329
Ohio,2021,17839.0,19926.0,11769923,0.1335181907873537,61938,0.0525617952920977,0.7776453592772017,0.1217209322439917,0.0408113969819513,0.0,1.0,5405,598.2532159315592,11.0,53.3,0.7575757575757576,0.6464646464646465,unified_rep,0.0,0.0,0.0,151.56428805863897,169.29592487563428,45.92213559935779,0.89526247114323,54.10456062291434,16.756756756756758,17.572189272262868,59.47165227952978,39.45695879631631,25.210774352544423,38.03882571663279,66.2752619760479,6.321196833658131,39.93229182552851,4.704301075268817,61.96236559139785,56.56292286874154,4669.736842105263
Ohio,2022,18146.0,16368.0,11774683,0.1330562510263545,66990,0.0500432680758617,0.7724007516805336,0.1215521470938962,0.0420075003293082,0.0,1.0,5144,604.9050264533313,12.0,53.3,0.7575757575757576,0.6464646464646465,unified_rep,0.0,0.0,0.0,154.11030598445836,139.0101117796547,43.6869510627165,1.1086265884652984,59.063612690652064,14.65353644150382,16.463759182205784,66.47619047619048,35.86153846153846,27.28717948717949,39.49230769230769,67.58206518570346,6.199742277562802,42.73575772698084,4.951856946354883,54.88308115543329,53.86740331491713,3544.047619047619
Oklahoma,2015,18324.0,12064.0,3849733,0.1671040349094835,46879,0.0625534974307749,0.6731095377263826,0.0712293553864644,0.0964895487557189,0.0,1.0,722,1126.497451993538,5.0,66.8,0.8333333333333334,0.7128712871287128,unified_rep,0.0,0.0,0.0,475.98106154374864,313.37238192882467,18.754547393286757,1.518899204244032,49.76103068504537,0.0,43.66119082276288,,22.483895546166103,42.640437764078406,30.49802590565907,22.27763923524522,5.325044619977541,-15.247810692325936,23.902439024390244,50.73170731707317,67.8048780487805,278.57142857142856
Oklahoma,2016,22651.0,12596.0,3875589,0.1651986010824324,48038,0.0591650167764951,0.6692843332974678,0.0713592179150059,0.0984281356975675,0.0,1.0,803,1179.089024059076,6.0,66.8,0.8125,0.7029702970297029,unified_rep,0.0,0.0,0.0,584.4530986128818,325.0086631993228,20.71943129160497,1.798269291838679,44.93389229280877,0.0,30.964827363665695,,21.949961310291464,44.8026824864586,28.262832086664947,12.667698658410734,5.186308455308342,0.0,24.875621890547265,51.24378109452736,67.66169154228857,
Oklahoma,2017,20466.0,13079.0,3896251,0.1620581523412332,49767,0.0563791202235582,0.6645388092296929,0.0715782941088754,0.1013484500870195,0.0,1.0,770,1111.2967023594176,7.0,65.3,0.875,0.7425742574257426,unified_rep,0.0,0.0,0.0,525.2741673983529,335.6816591128241,19.762587163917317,1.5647985319978592,43.91323594510845,0.0,31.80408783142441,,21.270945305090105,48.07461270945305,28.85867846980715,11.466700398456773,4.850816849325159,3.4648691780893994,24.33862433862434,51.32275132275132,67.02127659574468,289.58333333333337
Oklahoma,2018,18455.0,13154.0,3918137,0.1598656918824914,51424,0.0527533852311604,0.6600356240733798,0.0721317299522706,0.1040088695214077,0.0,1.0,703,1065.1640461692266,8.0,65.3,0.851063829787234,0.72,unified_rep,0.0,0.0,0.0,471.014668450848,335.72077750216494,17.94220059176083,1.4029952866048352,38.99765570550592,0.0,34.14479523266134,,23.3132720937599,47.01932214127336,28.79949318973709,12.697205854400304,5.053422072786123,0.0,24.24242424242424,54.04040404040404,63.13131313131313,
Oklahoma,2019,14394.0,12505.0,3932870,0.1567501482696978,52919,0.0502850586024493,0.6563224820550896,0.0714348554617874,0.1062598051804407,0.0,1.0,618,987.7841956107072,9.0,65.3,0.8125,0.7623762376237624,unified_rep,0.0,0.0,0.0,365.9922651905606,317.9611835631485,15.713715429190389,1.151059576169532,33.69572336105836,0.1440827821075381,35.31069743051914,,24.770822420115245,49.88868517548455,32.543216343635414,13.909626719056975,5.212478419068009,2.873219811486268,25.853658536585368,53.170731707317074,66.66666666666666,290.2439024390244
Oklahoma,2020,11428.0,11176.0,3949342,0.1527292608312778,53840,0.0503946146336106,0.6489989978077361,0.0714382294569576,0.1092503510711404,0.0,1.0,746,883.6978557481866,10.0,65.3,0.8085106382978723,0.77,unified_rep,0.0,0.0,0.0,289.36465872036405,282.98384895509173,18.88922255909972,1.0225483178239083,27.604535790219703,0.2409809341555035,36.54678300347592,,22.30409522459969,48.80260734022956,37.77809267394077,10.525196682968318,4.912210692312796,2.4561053461563978,25.773195876288657,53.608247422680414,71.20418848167539,286.6666666666667
Oklahoma,2021,11357.0,10731.0,3948136,0.1521319336798333,56956,0.0498560651572561,0.6416648261356752,0.0705279656019954,0.1124363497103443,0.0,1.0,934,875.3179189395638,11.0,65.4,0.8125,0.8118811881188119,unified_rep,0.0,0.0,0.0,287.6547312453269,271.7991477497229,23.65673320270629,1.0583356630323362,26.586080586080584,0.1318777932449263,35.39589442815249,,22.01465201465201,47.684981684981686,39.31868131868132,11.648351648351648,4.787069138449131,31.711166991208003,29.629629629629623,57.14285714285714,78.83597883597884,4180.0
Oklahoma,2022,12182.0,10725.0,3970497,0.1522963576701106,61364,0.0481521050097697,0.6371814410135558,0.0699413700602216,0.1155235729935068,0.0,1.0,1183,891.6047836747828,12.0,65.4,0.8125,0.82,unified_rep,0.0,0.0,0.0,306.81297580630337,270.1173178068136,29.79475869141823,1.1358508158508158,26.190298228567155,0.0523129810925939,36.18741112192201,,22.838352888423884,50.13078245273148,48.41192735968911,8.893206785740976,4.986781251818098,27.956197926859037,25.75757575757576,59.09090909090909,79.29292929292929,5646.153846153846
Pennsylvania,2015,56620.0,25666.0,12779559,0.1347726330611359,53599,0.0789653527522252,0.7809153664848685,0.1054026981682231,0.0638158171185719,0.0,0.0,3263,586.7455615730967,-1.0,46.6,0.6,0.5862068965517241,div_dem_gov,0.0,0.0,1.0,443.051282129532,200.8363512387243,25.53296244416572,2.2060313254889734,36.75876411170529,14.548377373656184,34.73490572235727,59.61771396496204,50.87143735903219,1.9479188025425465,54.97817745100912,59.02125410991076,4.076822995222292,-10.321169924564687,1.919385796545105,59.309021113243766,35.70057581573896,277.45098039215685
Pennsylvania,2016,57432.0,21152.0,12783977,0.1332098485076927,54895,0.0718806367736881,0.7771291359488522,0.1058687762032112,0.0659547494492519,0.0,0.0,4648,580.9643909789835,-2.0,46.6,0.6122448979591837,0.59,div_dem_gov,0.0,0.0,1.0,449.249869582838,165.45711870414036,36.35801284686291,2.715204236006051,36.79801660343338,14.762725705471372,33.19786940224896,74.4996511329,50.44241369306644,3.4994197853205686,56.12851755149405,51.99198834668609,4.1067032583052985,0.0,2.095238095238096,58.0952380952381,36.46833013435701,
Pennsylvania,2017,63823.0,21908.0,12790505,0.1311710492095538,56951,0.0646900071217625,0.772536737212487,0.1061930705628902,0.0683970648539678,0.0,0.0,5434,571.7637230450484,-3.0,48.2,0.68,0.6039603960396039,div_dem_gov,0.0,0.0,1.0,498.9873347455789,171.28330742218543,42.4846399731676,2.9132280445499363,37.04787714543812,18.74382437599347,36.31646206869845,78.12656060497967,49.12070061445017,4.99682180944982,54.81319302210608,51.119363395225456,3.901331495511709,4.253154977070882,1.402805611222445,56.312625250501,34.2685370741483,265.1315789473684
Pennsylvania,2018,62818.0,22979.0,12791181,0.1275387719485444,59445,0.0580960603936516,0.7682531425362521,0.1063682860871095,0.0707640678370511,0.0,0.0,4415,559.9375853140576,-4.0,48.2,0.68,0.6,div_dem_gov,0.0,0.0,1.0,491.1039879742144,179.64721162181976,34.51596846295897,2.733713390486966,40.20293669483308,16.788580918113162,38.66976604679064,79.47586206896553,47.47529998974394,9.360363748247922,53.69389080715189,53.50961209550523,4.487466794504745,0.0,2.4390243902439024,55.57491289198606,34.84320557491289,
Pennsylvania,2019,25351.0,24245.0,12791530,0.1243253385786626,61744,0.0530073828976122,0.7643466418794311,0.1065582459643217,0.0731121296670531,0.0,0.0,4444,544.1662041853242,-5.0,48.2,0.58,0.541871921182266,div_dem_gov,0.0,0.0,1.0,198.1858307802116,189.53948433064693,34.741739260276134,1.0456176531243553,42.87103154648161,17.079717605530227,45.99160582654393,84.01150155471598,47.15552027518687,16.187074154924918,52.27227624528676,58.09281080365418,4.659333168119842,3.674306357409943,2.1812080536912752,54.530201342281885,33.78151260504202,265.891472868217
Pennsylvania,2020,639.0,18873.0,12794885,0.119514225367906,63627,0.0534939475727392,0.7569523289970953,0.1056929390143014,0.0759532422526658,0.0,0.0,5178,470.7397852086017,-6.0,48.2,0.5714285714285714,0.541871921182266,div_dem_gov,0.0,0.0,1.0,4.994183222436153,147.5042565837833,40.469296910445074,0.0338578922269909,42.8781331028522,18.22029956275002,46.95127483894383,86.02348405187522,46.18139951388001,19.858428212016545,54.829218370218754,59.31820121170749,4.697189540976726,3.094986785735081,1.497504159733777,53.07820299500832,35.97972972972973,283.1683168316832
Pennsylvania,2021,820.0,14779.0,12970650,0.1179806865743939,67587,0.0550560617114272,0.7504869069784474,0.1048540358424597,0.0788746130687359,0.0,0.0,5444,445.3578680488719,-7.0,48.8,0.5625,0.5544554455445545,div_dem_gov,0.0,0.0,1.0,6.321965360255653,113.9418610478272,41.97168222101437,0.0554841328912646,43.76366418889375,17.325037104692317,45.55774093846586,84.99779541446209,42.30028873917228,21.783766442091757,52.988985135279655,56.37181409295352,4.394536896763077,50.2981731833023,3.339191564147628,55.536028119507904,41.2280701754386,4287.878787878788
Pennsylvania,2022,18166.0,12995.0,12989208,0.1178210357948279,73170,0.0536244475424289,0.7445525547054139,0.1037618305904409,0.0812295869001404,0.0,0.0,5212,457.8567665577842,-8.0,48.8,0.5714285714285714,0.5594059405940595,div_dem_gov,0.0,0.0,1.0,139.8545623412913,100.04459086343064,40.12561812852639,1.3979222777991531,46.32438739789965,16.42628728055864,47.75270244642518,86.44430844553244,38.49728892331526,24.107728058154084,50.41410951558124,54.78569708644353,4.164996049027778,56.12351422811923,3.148148148148148,51.48148148148148,37.77777777777778,4222.222222222222
Rhode Island,2015,1761.0,8422.0,1053661,0.1423082425958725,56852,0.085000078999619,0.7452539289202125,0.0534270510154594,0.1364651439125107,0.0,0.0,319,294.905762836129,-5.0,35.2,0.1351351351351351,0.1486486486486486,unified_dem,1.0,0.0,0.0,167.13155369706195,799.3083164319454,30.27539218021736,0.2090952267869864,24.49412388442167,20.46584663700602,70.88475412948547,,50.29616724738676,0.4878048780487805,47.63066202090592,67.0561562608999,4.460637719342369,-10.819419149043194,4.25531914893617,68.08510638297872,34.04255319148936,300.0
Rhode Island,2016,1762.0,9326.0,1054491,0.1382372898741118,58387,0.0768573115805988,0.7399570029521352,0.0543845324426666,0.1407076968888307,0.0,0.0,346,277.27088956150226,-6.0,35.2,0.1351351351351351,0.1486486486486486,unified_dem,1.0,0.0,0.0,167.09483532813462,884.407737951296,32.81203917340215,0.1889341625562942,22.06070287539936,20.87390168606032,73.33730226228951,,50.8560157790927,0.4418145956607495,51.73175542406312,69.05833136001263,4.931289124326334,0.0,3.8461538461538463,67.3076923076923,26.923076923076923,
Rhode Island,2017,1818.0,9202.0,1056138,0.1339924384033042,61043,0.0680152107320164,0.732279304409083,0.0547845073276409,0.1457290619218322,0.0,0.0,332,247.18938288787743,-7.0,38.9,0.131578947368421,0.1351351351351351,unified_dem,1.0,0.0,0.0,172.13659578577798,871.2876536967706,31.435285919074968,0.1975657465768311,21.77249959605752,25.69995144845445,72.9083326240531,,48.92372484791764,0.6551240056153487,48.53377008267041,66.41418085272528,4.450176018664228,3.598014653388099,6.382978723404255,65.95744680851064,23.404255319148938,315.38461538461536
Rhode Island,2018,1794.0,9646.0,1056611,0.1309559077546015,63296,0.0609172840138728,0.7265937984745569,0.0558398502381671,0.1503467217358138,0.0,0.0,331,227.85628281996352,-8.0,38.9,0.131578947368421,0.1466666666666666,unified_dem,1.0,0.0,0.0,169.78812448479147,912.9187562877918,31.32657146291303,0.1859838274932614,26.54563297350344,61.36162687886826,98.14681683840564,,53.12574469775201,1.2471205020255778,39.35975851934228,52.4673670805476,5.205321542175882,0.0,5.454545454545454,65.45454545454545,20.0,
Rhode Island,2019,1816.0,9655.0,1057231,0.1237828404357672,67167,0.0536249440948292,0.7202134632828587,0.057144559703603,0.1543901001767825,0.0,0.0,317,226.2171466040107,-9.0,38.9,0.131578947368421,0.12,unified_dem,1.0,0.0,0.0,171.7694619245936,913.2346667852154,29.983986470317276,0.188089073019161,26.18663222473361,58.98094950105837,99.20025338506612,,52.12723971899913,2.26537216828479,40.34256847422843,52.45253164556962,5.48602907027887,3.1213613675724603,5.172413793103448,63.793103448275865,28.07017543859649,277.77777777777777
Rhode Island,2020,1392.0,9831.0,1057798,0.1158129373035943,70305,0.0547928639406064,0.7144161739765059,0.0554737293887869,0.1588271106581786,0.0,0.0,397,189.3627982943646,-10.0,38.9,0.131578947368421,0.12,unified_dem,1.0,0.0,0.0,131.59412288546585,929.3834928786024,37.53079510454737,0.1415929203539823,17.76370353615321,54.85544848035582,99.22142181474204,,48.813067150635206,2.598911070780399,46.497277676951,44.40889922931511,5.861232484841152,1.9852561642203896,4.838709677419355,66.12903225806451,21.666666666666668,300.0
Rhode Island,2021,1637.0,7438.0,1091949,0.1125920439030613,74489,0.059797524246117,0.7058021940585137,0.0542177336121009,0.1636276053185634,0.0,0.0,460,178.21735922271398,-11.0,38.6,0.131578947368421,0.1333333333333333,unified_dem,1.0,0.0,0.0,149.91542645306694,681.1673438960977,42.126509571417714,0.2200860446356547,20.492957746478872,61.303422935602406,98.98831156075042,,50.46445682995992,4.380561259411362,44.26518040481079,50.50980392156863,5.586341486644523,35.441215661170986,4.918032786885246,65.57377049180327,21.666666666666668,3914.285714285714
Rhode Island,2022,1293.0,6566.0,1094250,0.112221177441483,81370,0.0584131784018386,0.6983413296778616,0.0532821567283527,0.1674169522503998,1.0,0.0,452,188.3615320811037,-12.0,38.6,0.131578947368421,0.1333333333333333,unified_dem,1.0,0.0,0.0,118.1631254283756,600.045693397304,41.30683116289696,0.196923545537618,20.98233520034468,60.27486910994765,98.94425675675676,,48.12749842204923,4.355144119503471,43.09909530822638,47.31126107127794,5.665981265707106,31.254283755997257,4.838709677419355,61.29032258064516,22.58064516129032,2200.0
South Carolina,2015,28694.0,,4777576,0.1792158598403818,45483,0.0937976837273108,0.638632645508936,0.2730378334117552,0.0531842926203581,0.0,1.0,736,658.8150709338182,5.0,54.6,0.6086956521739131,0.6290322580645161,unified_rep,0.0,0.0,0.0,600.5974577903104,,15.405301768093276,,,,,,,,,,2.2814917020681618,-5.923505978764126,37.61467889908257,35.77981651376147,57.798165137614674,305.55555555555554
South Carolina,2016,31925.0,14112.0,4834605,0.1718253344259626,46898,0.0825927253637063,0.6385644742435007,0.2712411872324626,0.0534399397675715,0.0,1.0,871,651.6292292792652,6.0,54.6,0.6222222222222222,0.6290322580645161,unified_rep,0.0,0.0,0.0,660.3435027266964,291.8956150502471,18.01594959670956,2.262259070294785,61.70080373347161,4.6683762676302605,9.26172939743664,74.86333107721144,14.133526400165486,9.003464860112738,23.555877333609143,98.92957746478874,2.316631865478152,0.0,40.17857142857143,33.035714285714285,58.55855855855856,
South Carolina,2017,31828.0,23591.0,4893444,0.166406985811386,48781,0.0714794911625173,0.637521549240167,0.2699977766170411,0.0546441320264419,0.0,1.0,1001,617.9302843267785,7.0,54.9,0.6086956521739131,0.6451612903225806,unified_rep,0.0,0.0,0.0,650.4212575028957,482.0940016887902,20.45594064221436,1.3491585774235937,54.1478177763619,10.158494763184724,8.485735186539868,73.64026106987458,19.063821668203644,9.956434636054311,26.82926829268293,98.78606965174129,2.186599049667269,1.573533895554951,38.31775700934579,35.51401869158878,60.74766355140186,322.22222222222223
South Carolina,2018,34516.0,23399.0,4955925,0.1600803650661233,51015,0.0635336152866749,0.6370098417550709,0.2680331118812331,0.0556273551355196,0.0,1.0,1106,587.1102871543983,8.0,54.9,0.6086956521739131,0.6363636363636364,unified_rep,0.0,0.0,0.0,696.459288629267,472.1419311228479,22.31672190358006,1.4751057737510151,53.51309655565617,11.697033766556808,7.983047314666853,72.96105557238548,22.041608134323365,12.3419626730885,28.246036524182223,98.4071274298056,2.2800990733314164,0.0,37.16814159292036,35.39823008849557,60.17699115044248,
South Carolina,2019,31433.0,24368.0,5020806,0.1520433860255799,53199,0.0569993145016001,0.6366350342952904,0.2656696952640671,0.0568550149119484,0.0,1.0,1131,570.3839301806911,9.0,54.9,0.5869565217391305,0.6451612903225806,unified_rep,0.0,0.0,0.0,626.0548605144273,485.34040152119,22.52626371144394,1.289929415627052,52.00283587380362,15.658362989323845,7.531954761426755,75.35721212904895,22.67511009675657,14.259539040149152,26.725384936835,97.67794043412418,2.3701373843163824,1.473866944869011,32.77310924369748,36.134453781512605,57.98319327731093,262.962962962963
South Carolina,2020,25577.0,28298.0,5091517,0.1467562499229826,54864,0.0545404335248713,0.6344103338945937,0.2626183905503998,0.0583120904830525,0.0,1.0,1729,492.45783918388,10.0,54.9,0.5869565217391305,0.6451612903225806,unified_rep,0.0,0.0,0.0,502.3453717232016,555.7872044814934,33.95844499782678,0.9038447946851368,50.83948959032908,12.014818556874632,7.50965362226961,70.63980443395431,24.49201741654572,15.727922295411409,21.26549067768226,74.24054075052443,2.41578295820283,1.080228152041916,30.89430894308943,34.959349593495936,58.67768595041323,287.5
South Carolina,2021,25233.0,30482.0,5078903,0.1452341594899917,58234,0.0526775524359899,0.6313922514369736,0.259727346633712,0.060294516355205,0.0,1.0,2166,475.7072065762845,11.0,55.1,0.6521739130434783,0.6532258064516129,unified_rep,0.0,0.0,0.0,496.8198841363972,600.1689734968357,42.647004677978686,0.8278000131224986,50.65867952907007,15.491651205936922,7.277548615203299,72.95723384895359,21.883162222969304,15.855077710827794,20.603067056298325,56.71048951048952,2.1067541553756786,10.730663688595746,34.57943925233645,32.71028037383177,63.55140186915887,6208.333333333334
South Carolina,2022,27910.0,25457.0,5142750,0.1435028702613101,63623,0.0509253558709673,0.630046375966166,0.2559086092071362,0.0620047639881386,0.0,1.0,2292,485.9223084138589,12.0,55.1,0.6521739130434783,0.6532258064516129,unified_rep,0.0,0.0,0.0,542.7057508142531,495.0075348791988,44.567595158232464,1.0963585654240484,52.31988737222256,13.333333333333334,7.893160102172747,75.93409285801789,19.04239097285758,15.349191826776456,17.6517230863068,49.578052597661646,2.0222643527295707,15.264206893199162,29.126213592233007,31.06796116504854,59.22330097087378,5755.555555555556
South Dakota,2015,7081.0,6803.0,843190,0.1411496918603722,50957,0.0445384259565188,0.8321955905549164,0.0151709579098423,0.0331052313239009,0.0,1.0,62,655.5314605439587,9.0,57.9,0.7714285714285715,0.8285714285714286,unified_rep,0.0,0.0,0.0,839.7869993714347,806.8169688919461,7.353028380317603,1.040864324562693,60.87315342081373,0.6354183858722561,51.80318702823595,88.25134353038445,9.457006106618254,21.20812015184024,45.824393464268034,73.59332884097036,8.301806235842456,-17.552390327209764,31.428571428571427,52.85714285714286,64.28571428571429,364.7058823529412
South Dakota,2016,8080.0,6884.0,851058,0.1402106686577473,52078,0.04087415777653,0.8288542026512882,0.0160729350996054,0.0342949599204754,0.0,1.0,69,701.1911647350812,10.0,57.9,0.7714285714285715,0.8285714285714286,unified_rep,0.0,0.0,0.0,949.4065034345488,808.8755407974544,8.107555536755427,1.1737361998837887,64.1216895742541,1.751592356687898,52.71635271635272,86.94593687038281,9.03377189306964,25.79401659264225,43.38389340484371,73.36079642979746,7.285049902591832,0.0,30.64516129032258,53.2258064516129,67.74193548387096,
South Dakota,2017,6831.0,7544.0,855444,0.1390359640661893,54126,0.0371553393606871,0.8268010530204198,0.0167071134989549,0.0349537783887665,0.0,1.0,75,722.1976638633755,11.0,61.5,0.8285714285714286,0.8571428571428571,unified_rep,0.0,0.0,0.0,798.5326917951379,881.8812219151692,8.767376941097254,0.9054878048780488,66.67421839601269,1.9108761329305135,52.27142973656309,86.35367052241627,8.660525520990637,28.00513440048324,36.34853518574449,71.28342245989305,6.780104834448544,6.195613038375394,31.03448275862069,51.72413793103448,62.06896551724138,375.0
South Dakota,2018,6037.0,8241.0,864289,0.1355146175506425,56499,0.0351965349214943,0.8224216668267211,0.0183272030536082,0.0370188675315779,0.0,1.0,57,718.351067701131,12.0,61.5,0.8285714285714286,0.8571428571428571,unified_rep,0.0,0.0,0.0,698.4932123398539,953.5005073534433,6.595016250351445,0.7325567285523601,68.357671811198,1.2459334117809926,53.00418164478028,86.81874913326861,8.491349480968859,30.117647058823525,34.49134948096886,71.42654666572177,6.826420329311145,0.0,28.8135593220339,54.23728813559322,62.71186440677966,
South Dakota,2019,7855.0,8489.0,870638,0.1314218735697634,58275,0.0340392394384477,0.8195668004382993,0.0197452902354365,0.0379308047661599,0.0,1.0,88,689.2999824093401,13.0,61.5,0.8571428571428571,0.8428571428571429,unified_rep,0.0,0.0,0.0,902.21194112823,975.0321028946588,10.107530339819764,0.9253151136765224,72.99890015886594,1.7237163814180931,53.03807204204589,82.71703195787927,6.848729227761485,27.87756598240469,30.840664711632453,71.58847943654885,6.776639659651888,5.857773265122818,28.8135593220339,55.932203389830505,67.79661016949152,344.44444444444446
South Dakota,2020,7298.0,7128.0,879336,0.1280876798719864,59896,0.0348948610399658,0.8134865398437002,0.0209658196639282,0.0410400574979302,0.0,1.0,74,588.8854663066916,14.0,61.5,0.8571428571428571,0.8428571428571429,unified_rep,0.0,0.0,0.0,829.9444126022362,810.6116433308769,8.415440741650517,1.0238496071829406,69.69598121085595,1.0374526947670624,55.39375498080128,86.37730422277421,5.498662839997391,24.66897136520775,29.84149761920292,73.09134649402108,6.595885986699055,2.501887788058262,25.86206896551724,58.620689655172406,70.37037037037037,322.22222222222223
South Dakota,2021,5402.0,6996.0,881785,0.1245828815893574,63920,0.0318353425715388,0.8082866004751725,0.0212478098402671,0.0426611929211769,0.0,1.0,101,602.4572638054888,15.0,61.8,0.9142857142857144,0.8857142857142857,unified_rep,0.0,0.0,0.0,612.620990377473,793.3906791338023,11.454039249930538,0.7721555174385365,66.2831061969658,1.324673654427368,57.75825117873982,89.11950496325899,5.70161342161085,24.439159220929486,30.9956932570547,73.19714834110228,7.711630386091848,90.95187602420091,19.11764705882353,67.64705882352942,73.52941176470588,6285.714285714285
South Dakota,2022,5143.0,7140.0,890342,0.122598091715667,69457,0.0308503128067382,0.8064945829804727,0.0215332984403745,0.044024655694104,0.0,1.0,84,610.3937074860073,16.0,61.8,0.9142857142857144,0.8857142857142857,unified_rep,0.0,0.0,0.0,577.6431977824252,801.939030170429,9.434576825534457,0.7203081232492997,62.89042165538782,1.2493492972410205,58.62467494943658,88.78395101934476,5.673389720234223,28.132726089785297,34.28757319453481,72.91281467785521,7.412881791491359,70.31006062838775,27.27272727272727,60.60606060606061,75.75757575757575,7638.461538461539
Tennessee,2015,39832.0,12993.0,6499615,0.1762946749131457,45219,0.0839386619906768,0.7472548758657244,0.1667237213281094,0.0492475323538394,0.0,1.0,1455,645.5180011580463,5.0,59.5,0.8484848484848485,0.7373737373737373,unified_rep,0.0,0.0,0.0,612.8362987653884,199.9041481687761,22.38594132113979,3.06565073501116,50.35030988951765,0.1386596236381644,49.6828333553588,81.68837178554902,48.68273357543744,14.592274678111588,84.62859029382635,46.36513700891384,3.4925145566314315,-8.215871247758521,2.643171806167401,69.16299559471366,44.93392070484582,326.8292682926829
Tennessee,2016,46276.0,14087.0,6548009,0.172258007240301,46574,0.0746443642521722,0.7452141559365603,0.1668432343327567,0.0499915317770638,0.0,1.0,1643,642.174782748284,6.0,59.5,0.8484848484848485,0.7373737373737373,unified_rep,0.0,0.0,0.0,706.718637680553,215.13409648642815,25.091596544842865,3.285014552424221,50.95367847411444,0.1240463933511133,51.07333416056583,79.40646923697771,50.19843730621357,20.203398238868907,87.3806275579809,47.77322912789976,3.4667026267068355,0.0,2.643171806167401,66.07929515418502,45.535714285714285,
Tennessee,2017,40551.0,15975.0,6597381,0.1666034604288816,48708,0.0653395747514609,0.7425504150813785,0.1665991398708063,0.0515451510228073,0.0,1.0,1783,654.8212855330365,7.0,60.7,0.8484848484848485,0.7474747474747475,unified_rep,0.0,0.0,0.0,614.6529963935689,242.14154071138228,27.025875874077908,2.5384037558685444,47.85443602318324,0.0819090263747065,51.160885004097246,81.16155821450035,48.736008736008735,24.914004914004916,88.97078897078897,47.2480069891886,3.289183995891703,3.15276622647684,2.7649769585253456,64.51612903225806,44.907407407407405,307.0422535211267
Tennessee,2018,42606.0,18441.0,6651089,0.1612794750820878,50972,0.0588027622046799,0.7403516927829412,0.1664716860652443,0.0529841053096718,0.0,1.0,1837,590.5031761896269,8.0,60.7,0.8387096774193549,0.7448979591836735,unified_rep,0.0,0.0,0.0,640.5868272097998,277.26286627648494,27.619537191578704,2.310395314787701,49.062904994517,0.1301142113633077,50.90663580246913,82.61058318460277,48.35429617849742,30.6202110741651,89.88482482771914,44.8235974551764,3.322764136820301,0.0,2.262443438914027,64.25339366515837,42.081447963800905,
Tennessee,2019,42234.0,17787.0,6709356,0.1523707310273656,53320,0.0523395267788802,0.7380079399572775,0.166046935056062,0.0542785328427944,0.0,1.0,2138,588.4517926909504,9.0,60.7,0.8484848484848485,0.7373737373737373,unified_rep,0.0,0.0,0.0,629.479192935954,265.10741120310206,31.865949578469237,2.3744307640411537,43.44100899366718,0.2192763879198644,51.99182330358478,83.09549945115258,49.120534157157806,35.60715531416613,91.48936170212764,46.5091941994319,4.665127323695448,2.7424390656867814,1.2779552715654952,62.30031948881789,46.94533762057878,266.1764705882353
Tennessee,2020,37188.0,14924.0,6772268,0.1461675895150851,54833,0.0530398771740216,0.7337823901830228,0.1651736168739926,0.0556921255921945,0.0,1.0,3090,503.7194412611172,10.0,60.7,0.8484848484848485,0.7373737373737373,unified_rep,0.0,0.0,0.0,549.121800850173,220.36930611724165,45.627255152926615,2.491825247922809,36.41554733631821,0.1708797360202698,51.53551429413498,85.52468589630155,47.19915179360312,36.62013312128173,92.11285857336397,47.76638378123527,4.592257719275137,2.1263186867383275,1.607717041800643,63.022508038585215,46.73202614379085,282.97872340425533
Tennessee,2021,41579.0,14897.0,6859497,0.1428270683971341,58516,0.0528252886419216,0.7293326318241702,0.1633571674424524,0.0577253696590289,0.0,1.0,3861,486.7219723271064,11.0,60.7,0.8181818181818182,0.7373737373737373,unified_rep,0.0,0.0,0.0,606.1523169993368,217.17335833808224,56.28692599471943,2.79109887896892,36.57380349373336,0.1778726431874777,52.73147873539356,83.8307719693823,47.24610185569455,38.79172348372562,92.7195114721053,49.35665579602728,4.89831834608281,51.884270814609295,3.880597014925373,60.895522388059696,50.45045045045045,4434.883720930233
Tennessee,2022,36196.0,15059.0,6923772,0.1395925970800714,64035,0.0500929665682655,0.7257552675044758,0.1613096156257022,0.0595949722203446,0.0,1.0,3862,519.8685730193577,12.0,60.7,0.8181818181818182,0.7525773195876289,unified_rep,0.0,0.0,0.0,522.7786241372478,217.49705218484957,55.7788442484819,2.403612457666512,38.49705052577584,0.0472366556447803,53.42902711323764,86.02163248418937,45.00206648166736,39.90080887996694,92.8381649642794,49.30325932923949,4.549543225860123,34.09990970239921,2.229299363057325,57.324840764331206,48.24281150159744,4600.0
Texas,2015,132898.0,31892.0,26538614,0.1725226251098795,53207,0.0696140099351325,0.4384462956505566,0.1157114308983882,0.3842087231835091,0.0,1.0,2579,899.847429610843,9.0,57.2,0.6451612903225806,0.6533333333333333,unified_rep,0.0,0.0,0.0,500.7721955637924,120.1720632433932,9.717915185774208,4.167126552113382,43.43185109692646,1.766311620189477,,99.95983290488432,28.94990366088632,21.83418968101049,68.05287946906444,57.76247756315803,1.6466572067403369,-3.704036691592108,10.297482837528603,45.76659038901602,48.05491990846682,285.2272727272727
Texas,2016,142564.0,31275.0,26956435,0.1669820826721951,54727,0.0637104381166347,0.4342445134158133,0.1162973516342201,0.3862955171928335,0.0,1.0,2812,885.8301643073912,10.0,57.2,0.6451612903225806,0.66,unified_rep,0.0,0.0,0.0,528.8681533741387,116.0205346144622,10.431646469572108,4.5584012789768185,44.67854462573311,1.672735236948011,,100.0,27.7575492101733,24.168423358063897,64.93552714430422,57.8510324072784,1.7843605803215448,0.0,10.81081081081081,43.65904365904366,46.33123689727464,
Texas,2017,138452.0,33355.0,27419612,0.1601609423054946,57051,0.0578610985092706,0.4287257237629767,0.1166691198985602,0.3892800890107417,0.0,1.0,2950,869.2840626887081,11.0,52.2,0.6451612903225806,0.6266666666666667,unified_rep,0.0,0.0,0.0,504.93785251228206,121.64650615770933,10.75872262525086,4.150861939739169,49.718767329477934,2.4451200659589816,,99.93037109626842,25.7663970323046,23.38348188984492,59.30496161574528,55.93847300210235,1.557279512197328,1.619278930715723,12.412177985948478,43.79391100702576,48.24355971896955,312.4031007751938
Texas,2018,132875.0,32689.0,27885195,0.1545565851573467,59570,0.0537695905533019,0.4234240786194968,0.1172397395822406,0.3916614533267564,0.0,1.0,2971,866.4979967780897,12.0,52.2,0.6451612903225806,0.6266666666666667,unified_rep,0.0,0.0,0.0,476.50733659922406,117.22708053502944,10.654399225108522,4.064823029153538,56.416850030487,4.09634181120531,,99.91697584515995,24.891124014931563,23.242430526752383,56.174823724595605,56.551833039450486,1.7858939125223974,0.0,12.449799196787149,39.1566265060241,45.16129032258064,
Texas,2019,103824.0,31862.0,28260856,0.1473411579146256,61874,0.0504293158465242,0.4195320906061727,0.1177850734599121,0.3933667472775771,0.0,1.0,3123,829.621665416178,13.0,52.2,0.6129032258064516,0.5533333333333333,unified_rep,0.0,0.0,0.0,367.3774071103862,112.74251565486904,11.050620688913314,3.2585525076894104,56.753284984076856,5.378010031249179,,99.9447891471238,24.65800183799396,25.676775633451488,56.72837074963897,58.28649472080685,1.8010777875942612,1.542769971298817,11.394891944990176,38.31041257367387,43.366336633663366,294.7826086956522
Texas,2020,82337.0,27697.0,28635442,0.1422267007065107,63826,0.0526158730416087,0.4138395000154005,0.1175972419074236,0.3944153193095465,0.0,1.0,4154,703.1698314034614,14.0,52.2,0.6129032258064516,0.56,unified_rep,0.0,0.0,0.0,287.5352858181829,96.72279547841448,14.50649862502559,2.972776835036285,55.860884499785314,7.518186737209162,,99.92771955186122,27.12710005109248,26.949779100171316,57.3678357827668,62.41394859461897,1.7705331735406775,0.998762303022946,10.256410256410255,39.25049309664694,43.20987654320987,247.1264367816092
Texas,2021,83839.0,26434.0,28862581,0.1403071464583628,67321,0.0532392048584622,0.4069293733640799,0.1178599377512357,0.3977444706001865,0.0,1.0,4912,683.877400615598,15.0,52.1,0.6129032258064516,0.5503355704697986,unified_rep,0.0,0.0,0.0,290.47644768844475,91.58571092446653,17.01857501933039,3.1716350155103274,54.61382242812718,7.80270177518485,,99.93122205896144,26.797467169905488,27.6084718799713,59.78352412739012,62.96689237682155,1.864005162947832,20.819343911066024,16.23134328358209,35.82089552238806,48.97579143389199,5555.769230769231
Texas,2022,84859.0,25657.0,29243342,0.1394442137842728,73035,0.0518121506093756,0.4012138557898068,0.1179604232648922,0.3989037915023529,0.0,1.0,5457,702.9450078726458,16.0,52.1,0.5806451612903226,0.5637583892617449,unified_rep,0.0,0.0,0.0,290.1822917503752,87.73621017734567,18.660657868721024,3.3074404645905604,53.02037373475215,8.9543211841477,,99.904327582358,26.74092934436664,28.141311266709103,62.19923615531509,56.89227046988413,2.010714096904519,17.067132751106218,18.941979522184297,34.641638225255974,53.58361774744027,4528.0
Utah,2015,15626.0,9808.0,2903379,0.1231135165721316,60727,0.0575050923649645,0.7949668300280466,0.0101433536579275,0.1342766480022071,0.0,1.0,649,337.23879570182794,9.0,72.8,0.8518518518518519,0.84,unified_rep,0.0,0.0,0.0,538.2004898430415,337.8132858300621,22.3532649371646,1.593189233278956,58.84455032757594,5.623306233062331,39.32411674347159,65.51694915254237,37.2431289640592,41.70824524312896,52.86257928118393,54.384169225520296,6.199672863928547,-17.15242825686898,17.22222222222222,30.0,30.55555555555556,360.0
Utah,2016,16166.0,9876.0,2948427,0.116771355160238,62518,0.0503769277887523,0.7933989886810832,0.0102573338257993,0.1349584032434922,0.0,1.0,650,313.40707239221206,10.0,72.8,0.8275862068965517,0.84,unified_rep,0.0,0.0,0.0,548.2923606384014,334.95826757793225,22.04565349591494,1.636897529364115,61.88503803888419,7.26950354609929,38.85835095137421,65.0946585530764,39.70116495019416,45.34019922336654,52.48185041364174,52.36726411903957,7.868602478541948,0.0,12.93103448275862,25.0,25.217391304347824,
Utah,2017,17344.0,10380.0,2993941,0.1102433657524628,65325,0.0434361232885131,0.789997197673568,0.0105927271111888,0.1367131149211023,0.0,1.0,645,308.6180817741148,11.0,45.5,0.8275862068965517,0.8266666666666667,unified_rep,0.0,0.0,0.0,579.3033329648113,346.70021887538866,21.543510710464904,1.6709055876685934,63.39173442870316,8.2392304475115,39.01131126937579,67.43484454873041,42.95751087320173,49.75744396119104,54.315824690531954,53.72496438448001,7.8491860728050415,5.344126687867262,12.76595744680851,23.404255319148938,26.06837606837607,331.25
Utah,2018,17992.0,13183.0,3045350,0.1033715225971768,68374,0.0389177642913439,0.7861946902654867,0.011070320324429,0.1386123105718554,0.0,1.0,630,323.46578684232026,12.0,45.5,0.8214285714285714,0.8243243243243243,unified_rep,0.0,0.0,0.0,590.8023708276553,432.8894872510549,20.687277324445468,1.3647879845255253,59.49986768986505,9.437434279705572,39.26901547579848,67.98999275791692,43.373414810434326,53.86030619620211,53.89315986595703,53.40438129070456,8.734628203654752,0.0,12.030075187969924,21.804511278195488,26.0377358490566,
Utah,2019,15485.0,14122.0,3096848,0.0979172290333044,71621,0.0356655953095751,0.7832631759776392,0.0111632860250164,0.1404111535341741,0.0,1.0,575,318.36889749199185,13.0,45.5,0.7931034482758621,0.7733333333333333,unified_rep,0.0,0.0,0.0,500.0245410817709,456.0120483795136,18.56726581349811,1.0965160742104518,55.381138529196186,9.228515625,38.39033958563197,73.02998712209481,40.6966813079551,56.33235724743777,57.436554416788674,54.958096286780446,9.848723605420735,6.78108838406018,11.147540983606556,23.9344262295082,30.16393442622951,288.50574712643675
Utah,2020,12474.0,9832.0,3151239,0.0913460748041052,74197,0.0361326916852758,0.7791195780453339,0.0111010304200982,0.1415528939569483,0.0,1.0,622,255.3476299259173,14.0,45.5,0.7931034482758621,0.7866666666666666,unified_rep,0.0,0.0,0.0,395.8443012415116,312.0042624504203,19.73826802727435,1.268714401952807,52.36141422959406,26.360411800328748,41.43315693588965,68.81270173602024,38.757549611734255,54.17601380500432,53.91716997411562,56.16023533483302,10.408604361649497,3.712825336320095,10.0609756097561,21.341463414634145,29.357798165137616,305.55555555555554
Utah,2021,13712.0,9240.0,3231370,0.0875001413897417,79133,0.0351731569011826,0.7728805429276128,0.0109182792437882,0.1441592884751668,0.0,1.0,675,271.39290999222686,15.0,58.1,0.7931034482758621,0.7733333333333333,unified_rep,0.0,0.0,0.0,424.34014055957687,285.9468275065994,20.88897278863145,1.4839826839826835,48.36279069767442,39.15181885671864,42.62050995719338,68.41165413533835,37.08406710538512,55.15803132820465,54.66679024932802,61.82410423452769,9.8100805540684,63.44058402473255,10.725552050473189,24.60567823343849,38.48580441640379,5317.857142857143
Utah,2022,13991.0,9578.0,3283809,0.0851545504900004,86833,0.0333999256343548,0.767776384071059,0.0105015242969368,0.1464284311298251,0.0,1.0,646,271.48303197165626,16.0,58.1,0.7931034482758621,0.7733333333333333,unified_rep,0.0,0.0,0.0,426.0601027648076,291.67348040035216,19.67227691988176,1.4607433702234287,48.52874603893165,25.99692558097477,43.86617100371748,75.23887523887524,38.50252890173411,57.2525289017341,58.54407514450867,60.5673373210078,8.892112787314975,71.4414267090443,11.301369863013695,25.68493150684932,40.75342465753425,5158.333333333334
Vermont,2015,684.0,8632.0,626604,0.1150562044232316,55176,0.0547633766849047,0.9360728626054096,0.010727668511532,0.0170618125642351,0.0,0.0,99,302.2075205161423,-5.0,30.9,0.3103448275862069,0.391304347826087,unified_dem,1.0,0.0,0.0,109.15985215542833,1377.584566967335,15.799452285654098,0.0792400370713623,30.84325869461648,25.550088199795745,,,58.36715867158672,0.6273062730627307,35.23062730627306,63.94323801333046,7.021978793624044,-18.193308692571385,2.272727272727273,86.36363636363636,61.36363636363637,157.14285714285714
Vermont,2016,842.0,8634.0,626249,0.1158247691750147,56104,0.0495663272706175,0.9343791367331524,0.0112575030059928,0.0174052174135208,0.0,0.0,136,289.59826193915376,-6.0,30.9,0.3,0.3840579710144927,unified_dem,1.0,0.0,0.0,134.4513124971058,1378.6848362232913,21.71660154347552,0.0975214269168404,28.650164378263398,32.02097141161342,,,60.843148252009726,0.9160590764628904,35.72630398205272,66.25754321366473,7.185640216591164,0.0,4.444444444444445,84.44444444444444,60.0,
Vermont,2017,1174.0,7900.0,624636,0.1135492987317684,57808,0.0436866144260094,0.9323894236003047,0.0120614245736717,0.0179032268393112,0.0,1.0,128,266.1416317838344,2.0,30.3,0.2333333333333333,0.3868613138686131,div_rep_gov,0.0,1.0,0.0,187.94946176653283,1264.736582585698,20.491934502654345,0.1486075949367088,29.3731778425656,37.75202780996524,,,56.88514732411305,0.8518741230707557,33.042693926638606,65.61677025176445,6.563822770381471,3.8422377192476898,4.878048780487805,82.92682926829268,63.41463414634146,228.57142857142856
Vermont,2018,880.0,7508.0,624977,0.1116611752790946,60076,0.0404408336441626,0.9296710118932376,0.0121636476222324,0.0186838875670624,1.0,1.0,144,278.435161162449,3.0,30.3,0.25,0.3897058823529412,div_rep_gov,0.0,1.0,0.0,140.80518163068402,1201.3242087308813,23.04084790320284,0.1172083111347895,30.74743952930922,36.492480796278265,,,51.99292330107191,1.5610365282547611,33.073160578624204,63.56288393145814,7.200264969750887,0.0,4.444444444444445,77.77777777777779,57.77777777777777,
Vermont,2019,909.0,6966.0,624313,0.1094897084477117,61973,0.036039329457319,0.927964018048639,0.0126555109376226,0.0192819947686497,1.0,1.0,118,271.0498712691904,4.0,30.3,0.2142857142857142,0.3115942028985507,div_rep_gov,0.0,1.0,0.0,145.60004356788983,1115.7864724905617,18.900775732685368,0.1304909560723514,29.99432785025525,37.95292829775588,,,48.92666448730522,2.103083796447641,37.288874359812574,66.88561721404304,7.528275079967901,1.4415845897810873,2.127659574468085,76.59574468085107,55.319148936170215,300.0
Vermont,2020,749.0,4771.0,624340,0.1078444772626504,63477,0.0375321411874707,0.9235368549187942,0.0120062786302335,0.0200499727712464,1.0,1.0,186,217.4778326068087,5.0,30.3,0.2142857142857142,0.3138686131386861,div_rep_gov,0.0,1.0,0.0,119.96668481916905,764.1669603100875,29.791459781529294,0.1569901488157618,26.051086784071074,38.8094497979484,,,48.817567567567565,2.871621621621622,39.46560196560196,66.97095435684646,8.168626069129,0.8008456930518628,5.88235294117647,72.54901960784314,55.10204081632652,150.0
Vermont,2021,757.0,4303.0,641637,0.1052696398158486,67674,0.0390716341879657,0.918860664207332,0.0119117195548261,0.0208342099972414,1.0,1.0,251,207.57070451939123,6.0,30.7,0.25,0.3309352517985611,div_rep_gov,0.0,1.0,0.0,117.97948060975288,670.6284082744604,39.11869172133153,0.1759237741110853,21.121138493578616,40.99315068493151,,,49.67687074829932,4.6938775510204085,46.156462585034014,68.33754056978002,9.818635770692774,28.36494778200135,12.698412698412698,69.84126984126983,61.29032258064516,2850.0
Vermont,2022,696.0,4483.0,643816,0.1042702499851017,74014,0.0382792801243948,0.9142953887446102,0.011723846564857,0.021423822955627,1.0,1.0,266,196.31582247647344,7.0,30.7,0.25,0.3333333333333333,div_rep_gov,0.0,1.0,0.0,108.10542142475492,696.3169601252532,41.31615244107012,0.1552531786749944,24.26482944043018,35.19534497090607,,,44.790636333663045,5.192878338278932,48.53280580283548,66.16330114135206,8.698137356014762,9.940728406874014,12.5,58.92857142857143,46.42857142857143,6250.0
Virginia,2015,37046.0,17339.0,8256630,0.1151119186318766,65015,0.0630668257483916,0.634380855143079,0.1889773430564286,0.0858892792822253,0.0,0.0,1002,679.5636834145973,-5.0,47.3,0.525,0.6767676767676768,div_dem_gov,0.0,0.0,1.0,448.68184719431537,210.000932583875,12.135701854146305,2.1365707364899937,50.2740243787206,0.0,,,33.58143988856968,5.497518934447636,17.71132584660921,53.37532860473191,2.737194230575913,-7.908795719318899,47.78761061946903,26.10619469026549,32.743362831858406,238.46153846153845
Virginia,2016,39880.0,17525.0,8310301,0.1143377184559723,66149,0.0579906448239931,0.6311755735442074,0.188687870631882,0.0872521945955988,0.0,0.0,1356,667.6342269140655,-6.0,47.3,0.525,0.66,div_dem_gov,0.0,0.0,1.0,479.88634828028495,210.88285490501488,16.31709850220828,2.275606276747504,51.3913284644541,0.0,,,33.81309884275582,7.403874071923348,19.577751047326725,53.12766064005609,2.719516417034714,0.0,48.67256637168141,21.238938053097343,34.97757847533632,
Virginia,2017,32056.0,18448.0,8365952,0.1117328086169147,68766,0.0534013313776373,0.6262248456601233,0.1883923072950932,0.0895843055279303,0.0,0.0,1455,654.1864552875759,-7.0,44.4,0.525,0.66,div_dem_gov,0.0,0.0,1.0,383.1721721568568,220.5128597438761,17.391923836044004,1.737640936686904,51.87473865167496,0.0,,,35.78407224958949,10.139573070607554,19.30623973727422,54.98043052837573,2.629706696858887,1.2072744381033982,47.27272727272727,22.272727272727277,32.27272727272727,288.0952380952381
Virginia,2018,32736.0,19742.0,8413774,0.1094790842609635,71564,0.0489046499746343,0.6219695228324412,0.188075054072049,0.0916564908921965,0.0,0.0,1434,645.0922661426157,-8.0,44.4,0.525,0.51,div_dem_gov,0.0,0.0,1.0,389.0762932306002,234.6390573362204,17.043481320035458,1.6581906595076488,52.06717167107785,0.0,,,36.84799552340222,14.465006594987807,17.950357728126622,53.41067062940416,2.7217274911353693,0.0,43.66812227074236,22.270742358078603,35.37117903930131,
Virginia,2019,33373.0,20929.0,8454463,0.1055513748035751,74222,0.0448600961348398,0.6183206431916491,0.1879156606398301,0.0936784512511321,0.0,0.0,1538,634.0132258978003,-9.0,44.4,0.525,0.51,div_dem_gov,0.0,0.0,1.0,394.738258361294,247.5497261032428,18.191575266223296,1.59458168092121,50.92953064170421,0.0,,,36.87531452018736,17.593775403553593,18.20926721635118,53.3923440541292,2.9925023032213875,1.2182914515091023,40.71146245059288,21.34387351778656,36.8,310.8108108108108
Virginia,2020,27090.0,16064.0,8509358,0.1001393603716276,76398,0.0449676468931302,0.612189074663447,0.1869675714666135,0.0952798084179793,0.0,0.0,2185,559.0755568542157,-10.0,44.4,0.475,0.45,unified_dem,1.0,0.0,0.0,318.35539179336445,188.78039917935047,25.677612811683325,1.6863794820717135,50.05216181754955,0.0,,,37.322681415476005,22.645567675526195,13.550468581963434,56.33361973732662,2.9144384335457505,0.8226237514040425,39.91935483870967,18.548387096774192,33.60655737704918,256.0
Virginia,2021,14568.0,14320.0,8582479,0.0993951350762642,80615,0.0445471688373875,0.6059739849057597,0.1865476163705148,0.097902715520772,0.0,0.0,2603,533.4513743353604,-11.0,44.0,0.4615384615384615,0.45,unified_dem,1.0,0.0,0.0,169.74116685866636,166.85155885613003,30.329232381459946,1.01731843575419,50.61031034930529,0.3457265926093856,,,36.12778973603716,25.62592047128129,13.294437521241646,55.935786483451146,3.437235325597651,15.065577206772076,36.94915254237288,22.033898305084744,42.32081911262799,4333.333333333334
Virginia,2022,13252.0,13279.0,8624511,0.0998459027470075,87249,0.0430994895252363,0.5997322051070489,0.1857111666968712,0.1002972806226347,0.0,1.0,2491,478.01924536948553,2.0,44.0,0.475,0.52,div_rep_gov,0.0,1.0,0.0,153.65508838704014,153.96814961451147,28.8827969492995,0.9979667143610212,48.85883347421809,13.94640682095006,,,37.24511534481709,26.30105301600828,14.967435632113943,57.80775716694773,4.197339420171184,14.980559477517044,29.2817679558011,17.955801104972377,36.87150837988827,6038.095238095238
Washington,2015,11056.0,31218.0,6985464,0.1326160725637537,61062,0.0774639659522828,0.7076449037601511,0.0348990417816196,0.119603794393615,1.0,0.0,1109,379.7711818394434,-5.0,41.3,0.5102040816326531,0.4623655913978494,div_dem_gov,0.0,0.0,1.0,158.27151925770428,446.8994471949179,15.875824426265744,0.3541546543660708,59.34126425884584,11.009700935652374,35.90296341007732,,39.37168268541099,36.58585568784966,58.531057237125225,62.64215967834578,5.869330942082015,-18.7961744559846,17.560975609756095,40.0,40.97560975609756,302.4390243902439
Washington,2016,11052.0,80281.0,7073146,0.1272772493948517,62848,0.0675328374323545,0.7038416851567888,0.0349079461953704,0.1207772326486686,1.0,0.0,1117,390.6937820912793,-6.0,41.3,0.5102040816326531,0.4897959183673469,div_dem_gov,0.0,0.0,1.0,156.25296013966064,1135.0112100047136,15.792124183496282,0.1376664466062954,57.60430194062883,4.313426836749804,34.71561113352158,86.63101604278076,41.537681863293706,40.18307747534684,54.41962117532783,66.50589072507313,5.966227757775677,0.0,17.061611374407583,42.18009478672986,37.55980861244019,
Washington,2017,10579.0,50257.0,7169967,0.1221968925228631,66174,0.0593683520541838,0.6975599748227572,0.0350912354268855,0.1230281813012528,1.0,0.0,1168,396.1779390402762,-7.0,38.1,0.4897959183673469,0.4897959183673469,unified_dem,1.0,0.0,0.0,147.54600683657262,700.9376751664269,16.290172604699578,0.2104980400740195,47.87970347468644,3.0690879252216416,34.17493237150586,97.87234042553192,20.6014782849042,25.6096364917036,70.52881228991504,87.04663212435233,5.4533026442102175,2.9707249698638782,15.856777493606138,43.98976982097187,37.85166240409208,301.53846153846155
Washington,2018,10280.0,6134.0,7294336,0.1147241691507109,70116,0.0527328108531798,0.690838480706126,0.0355730802639198,0.1249699767052134,1.0,0.0,1163,389.5019032184632,-8.0,38.1,0.4583333333333333,0.4897959183673469,unified_dem,1.0,0.0,0.0,140.93126502535665,84.09264393633636,15.943877551020408,1.6759047929572872,54.07009932640713,7.028574636501432,57.692307692307686,62.28070175438597,8.764717397992001,9.284895265262746,68.86483765416563,100.0,6.004658957306052,0.0,14.15525114155251,46.57534246575342,40.274599542334094,
Washington,2019,10590.0,12175.0,7404107,0.1080589694790423,73775,0.0488540819094114,0.6852879084540513,0.0365613300834253,0.1266295854449429,1.0,0.0,1251,380.8937328040649,-9.0,38.1,0.4285714285714285,0.4183673469387755,unified_dem,1.0,0.0,0.0,143.0287271645318,164.4357651773536,16.896028109804465,0.8698151950718686,38.67205024674742,7.363357648800084,49.45054945054945,52.80898876404494,29.84717269485481,36.80081507896077,57.02496179317371,100.0,6.023683882472255,2.40407114591942,13.452914798206278,46.8609865470852,42.37668161434978,294.8275862068965
Washington,2020,8173.0,9578.0,7512465,0.1018719329154975,77006,0.0482873734057602,0.6746000147754432,0.0372341168977159,0.1293213346085472,1.0,0.0,1726,308.4083645275462,-10.0,38.1,0.4081632653061224,0.4183673469387755,unified_dem,1.0,0.0,0.0,108.7925201648194,127.49477035833112,22.975148636299803,0.8533096679891418,35.1994301994302,14.668632312537694,74.88584474885845,53.90334572490706,29.60673495820087,36.235723537030495,57.5120687625103,100.0,6.003355756066751,1.5041667415422235,13.303769401330376,45.67627494456763,41.12359550561798,288.57142857142856
Washington,2021,1921.0,7717.0,7617364,0.0998700719919098,82400,0.0500834644412176,0.6647772116443431,0.0371748022019165,0.1323136192520142,1.0,0.0,2264,268.63611476031093,-11.0,38.8,0.4081632653061224,0.4183673469387755,unified_dem,1.0,0.0,0.0,25.21869770172464,101.30801153784958,29.72156772342768,0.2489309317092134,31.0578739481367,19.74724974997727,73.44818156959256,47.12871287128713,30.062537224538417,38.46783799880881,63.51250744490768,100.0,5.841915917369841,30.548625482516,12.837837837837837,49.32432432432432,40.99099099099099,5031.0344827586205
Washington,2022,1334.0,5924.0,7688549,0.0989639170085106,90325,0.0491196392539242,0.6553279428927357,0.0378363979991543,0.1348958041367753,1.0,0.0,2753,269.20252368569766,-12.0,38.8,0.4081632653061224,0.4183673469387755,unified_dem,1.0,0.0,0.0,17.350477964047574,77.04964876987842,35.80649612820312,0.225185685347738,23.802024746906635,35.58936442485426,73.56670834077514,45.25828835774865,32.60185002952174,36.97106868726628,63.412714032670735,100.0,5.280580249927523,21.26539090795936,14.532019704433496,52.95566502463054,49.876543209876544,5905.555555555556
West Virginia,2015,7147.0,2513.0,1851420,0.1798783285951163,41751,0.077680416480154,0.9254701796458934,0.0326225275734301,0.0137235203249397,0.0,0.0,729,593.2403273406449,-9.0,62.3,0.5294117647058824,0.64,div_dem_gov,0.0,0.0,1.0,386.0280217346685,135.73365308790008,39.37518229251061,2.844011142061282,32.84823284823285,,54.39341651181311,85.36585365853658,43.06839186691312,5.202006865592818,21.81146025878004,56.428988895382815,5.455272169469921,-14.79945123202731,4.950495049504951,80.19801980198021,79.20792079207921,244.44444444444449
West Virginia,2016,7317.0,4758.0,1846092,0.1774088469038514,42644,0.075343393068137,0.924198793992932,0.0337930070657367,0.0142176012896432,0.0,0.0,879,604.1806738107671,-10.0,62.3,0.5294117647058824,0.64,div_dem_gov,0.0,0.0,1.0,396.3507777510546,257.7336340767416,47.61409507218492,1.5378310214375788,44.75084663763909,,33.0196749358426,95.9526307899865,48.55351289724953,9.063702436938865,36.98161607524583,56.29762438368444,5.63352205632222,0.0,6.730769230769231,75.96153846153845,72.11538461538461,
West Virginia,2017,7971.0,3514.0,1836843,0.1777400723316763,44061,0.0715614594025023,0.9227174015416668,0.03506777661455,0.0147105659002974,0.0,0.0,997,606.6401953018745,-11.0,68.5,0.6470588235294118,0.6363636363636364,div_dem_gov,0.0,0.0,1.0,433.9510780180996,191.3064970713338,54.27791052365389,2.2683551508252706,42.52944823310602,,28.107261695047956,94.27880741337631,49.17808219178082,15.303326810176127,37.20156555772994,53.26612903225807,5.4441234226332895,3.593121458937971,5.0,76.0,72.0,278.7878787878788
West Virginia,2018,7027.0,1841.0,1829054,0.1775760328871191,44921,0.0674046271552237,0.9211078513810964,0.0358638946690475,0.0150471227202696,0.0,1.0,882,587.3087562317577,2.0,68.5,0.6470588235294118,0.6363636363636364,unified_rep,0.0,0.0,0.0,384.18767297192977,100.65312451135944,48.22164900544216,3.8169473112438888,45.13064133016627,,6.618181818181817,85.7033930613801,47.400945110868776,18.647764449291166,37.44093057070156,50.564061240934734,5.795345572082617,0.0,7.547169811320755,74.52830188679245,68.86792452830188,
West Virginia,2019,6452.0,1380.0,1817305,0.1755911911038871,46711,0.0653674605793035,0.919793870594094,0.0362338737856331,0.0156099278877238,0.0,1.0,852,595.8807116918806,3.0,68.5,0.5882352941176471,0.59,unified_rep,0.0,0.0,0.0,355.0312138028564,75.93662043520487,46.882609138256925,4.67536231884058,42.9365446966188,,0.0,83.02884615384616,45.34725374489333,21.788470267816614,38.81071266454834,46.1978273299028,6.217998629839239,2.8613799004569955,6.1946902654867255,69.02654867256636,64.28571428571429,195.23809523809524
West Virginia,2020,6015.0,1029.0,1807426,0.1709692063812129,48037,0.0651847638710712,0.9154903160627323,0.034929784123942,0.0158673162829349,0.0,1.0,1331,535.0618676350425,4.0,68.5,0.5882352941176471,0.5858585858585859,unified_rep,0.0,0.0,0.0,332.7937077368589,56.93179139837537,73.64063590985191,5.845481049562682,34.67271548930654,,0.0,85.78263841421736,50.760456273764255,26.23574144486692,41.38149556400507,50.06622516556292,6.915912463359495,3.651601780653814,6.4,72.0,56.19834710743802,188.46153846153845
West Virginia,2021,5943.0,1055.0,1801049,0.1688313690821901,50884,0.0637682593194348,0.9122694607420452,0.0335021423625898,0.0167657848287303,0.0,1.0,1506,520.9442392761842,5.0,65.4,0.6764705882352942,0.77,unified_rep,0.0,0.0,0.0,329.9743649395436,58.57697375251868,83.61793599174703,5.633175355450237,29.95298858294157,,0.0,89.49301983835414,51.01639344262296,30.688524590163937,44.459016393442624,50.6198347107438,8.050863691104462,56.63366182707966,2.097902097902098,74.82517482517483,61.15107913669065,5214.285714285715
West Virginia,2022,4295.0,,1792967,0.1680366495613118,55217,0.0604277761947407,0.9065509850432272,0.0335962680852464,0.0183550505949077,0.0,1.0,1318,528.3560686278128,6.0,65.4,0.6764705882352942,0.78,unified_rep,0.0,0.0,0.0,239.54707476490088,,73.50943993949693,,,,,,,,,,8.421794712339937,45.90156985599847,3.3112582781456954,71.52317880794702,64.86486486486487,2890.0
Wisconsin,2015,25452.0,10514.0,5742117,0.1295818217499489,53357,0.0629170716089486,0.8237225051318181,0.0617131277541018,0.0634884311831333,0.0,1.0,873,600.0449217525752,5.0,46.1,0.5757575757575758,0.6363636363636364,unified_rep,0.0,0.0,0.0,443.2511563244009,183.10320043983776,15.203451967279664,2.4207723035952062,67.59047420965058,0.1676318195672051,,,23.75171432925281,5.3639457510032,38.77177833087824,,4.858835164800717,-14.611335854006455,22.22222222222222,40.50179211469534,30.46594982078853,303.7037037037037
Wisconsin,2016,28856.0,10661.0,5754798,0.1273312709676521,54610,0.0549694275426596,0.8214976442266089,0.0617549043424287,0.0645035672842035,0.0,1.0,1079,611.0172337859049,6.0,46.1,0.5757575757575758,0.6363636363636364,unified_rep,0.0,0.0,0.0,501.4250717401376,185.25411317651808,18.74957209618826,2.70668792796173,62.52696456086287,0.1039295258834009,,,25.040827436037016,6.967882416984214,37.64042163606671,,4.726490834256911,0.0,22.058823529411764,41.544117647058826,31.85185185185185,
Wisconsin,2017,30191.0,13645.0,5763217,0.1234218797632688,56759,0.0470479988625908,0.8181418468192331,0.0623079089335001,0.0660377702245117,0.0,1.0,1177,626.223286457467,7.0,47.2,0.6060606060606061,0.6464646464646465,unified_rep,0.0,0.0,0.0,523.8567279351098,236.7601289349334,20.422621601789416,2.2126053499450347,63.51536420439956,0.0993459723487043,,,27.100753373623643,7.628942793277589,35.40442089576952,,4.580774938719121,2.5159559322510328,23.10606060606061,40.909090909090914,31.060606060606062,294.5454545454545
Wisconsin,2018,28540.0,14826.0,5778394,0.1187268498900094,59209,0.0403553307700019,0.8152850082566194,0.0626314162724106,0.0667623218492889,0.0,1.0,1087,629.6222841913628,8.0,47.2,0.5806451612903226,0.6391752577319587,unified_rep,0.0,0.0,0.0,493.9088611818439,256.57648128528444,18.811455224410103,1.9249966275462025,63.371409373425166,1.712957298421632,,,28.49802210350312,10.036295420252028,33.448880551364134,,4.516825955447136,0.0,20.689655172413797,41.37931034482759,33.33333333333333,
Wisconsin,2019,25015.0,15998.0,5790716,0.1132789813044309,61747,0.036021933975286,0.8126109102915771,0.0628696002359639,0.0681076398842561,0.0,0.0,1200,627.415895601096,-2.0,47.2,0.5757575757575758,0.6464646464646465,div_dem_gov,0.0,0.0,1.0,431.9845766913798,276.26980843128894,20.722825985594877,1.5636329541192653,62.95668705571169,3.5263876616595717,,,29.94497770994819,12.43423430659866,32.15390176312302,,4.714442911722834,2.1413586851781368,20.146520146520142,37.362637362637365,32.967032967032964,251.0204081632653
Wisconsin,2020,21848.0,11702.0,5806975,0.1097179336989143,63293,0.0354766224514115,0.806111960185811,0.0620849926166377,0.0703063126670943,0.0,0.0,1531,532.873948979774,-3.0,47.2,0.5757575757575758,0.6363636363636364,div_dem_gov,0.0,0.0,1.0,376.23719750816906,201.51627999087304,26.364845724322908,1.8670312767048367,60.039954337899545,4.35486572497348,,,29.25549726531979,12.830673066190425,29.24433530527961,,5.028435631288235,1.2915502477623892,18.493150684931507,36.98630136986301,31.3588850174216,303.3333333333333
Wisconsin,2021,19456.0,11423.0,5871661,0.1066244987069008,67080,0.0348590921038242,0.8014708274200435,0.0620686378181574,0.0723130984571486,0.0,0.0,1759,534.393549820652,-4.0,48.8,0.625,0.6122448979591837,div_dem_gov,0.0,0.0,1.0,331.35427947900945,194.54461011969184,29.95745156268388,1.703230324783332,58.23052520267888,3.2932927179722973,,,29.10752255617493,16.309407505315786,24.52732601574622,,5.313658264671616,17.320482228112287,19.29260450160772,35.69131832797427,30.097087378640776,4873.076923076924
Wisconsin,2022,23442.0,9717.0,5882128,0.1065024436007747,72458,0.0335780286719797,0.7988549382128373,0.0605478153484589,0.0732687217959214,0.0,0.0,1780,552.9867723487009,-5.0,48.8,0.6363636363636364,0.6041666666666666,div_dem_gov,0.0,0.0,1.0,398.5292397581284,165.1953170689247,30.26115718665082,2.412472985489349,57.29426854789712,4.155895804334858,,,27.473984224829323,17.836548021475444,28.66043613707165,,5.202198932087163,16.35462540087533,20.26143790849673,36.9281045751634,33.006535947712415,5068.181818181818
Wyoming,2015,3899.0,3666.0,579679,0.1149038181056383,58840,0.04818046638897,0.8447175074480876,0.0103057036739298,0.0960842121242963,0.0,1.0,92,633.3380363385537,9.0,68.9,0.8666666666666667,0.85,unified_rep,0.0,0.0,0.0,672.6136361676031,632.4189767095237,15.870852661559242,1.063557010365521,63.31168831168831,0.2157497303128371,25.88595071055945,65.09077835700162,14.567989940722113,27.91449613795581,58.37973774025508,59.16277398490837,10.178046815565166,-26.393918013245266,25.42372881355932,61.01694915254237,74.57627118644068,310.0
Wyoming,2016,4498.0,3700.0,583029,0.1155862713839523,59143,0.0485946821641637,0.8436269893950387,0.0105929550674151,0.0967121704066178,0.0,1.0,93,626.8036446493305,10.0,68.9,0.8666666666666667,0.85,unified_rep,0.0,0.0,0.0,771.4882107065,634.6168029377612,15.951179100868051,1.2156756756756757,62.39094115463152,0.7962962962962963,24.30183095986684,63.60103626943005,16.130820399113084,33.906134515890614,59.71914264597192,61.1090573012939,9.948047181186528,0.0,22.41379310344828,62.06896551724138,72.41379310344827,
Wyoming,2017,4617.0,3723.0,583200,0.1113394168018938,60938,0.0465296639077323,0.842980109739369,0.0099296982167352,0.0971896433470507,0.0,1.0,66,664.1029910146033,11.0,68.2,0.9,0.85,unified_rep,0.0,0.0,0.0,791.6666666666667,638.3744855967078,11.316872427983538,1.2401289282836423,59.01828681424447,2.1784827059048344,28.809341500765694,65.4538490999617,18.03936556468565,35.390789222243455,57.63424421937703,60.3211009174312,8.058984910836763,6.172839506172839,21.27659574468085,59.57446808510638,70.2127659574468,245.45454545454547
Wyoming,2018,4859.0,3898.0,581836,0.1114728409190949,62268,0.0445062360765565,0.8414037632597502,0.008849572731835,0.097907314088506,0.0,1.0,61,689.2607590270665,12.0,68.2,0.9,0.85,unified_rep,0.0,0.0,0.0,835.115049601606,669.9482328353695,10.48405392584852,1.246536685479733,56.00436681222707,2.575730092508616,29.81118373275236,63.70249136206583,19.677185346391006,36.63402248821183,59.41240478781285,65.96516690856313,8.93722629744464,0.0,21.153846153846157,61.53846153846154,71.15384615384616,
Wyoming,2019,4595.0,3880.0,581024,0.1098165872313103,64049,0.0444059750036065,0.8406485790604175,0.0089376686677314,0.0986895549925648,0.0,1.0,72,674.8681706689607,13.0,68.2,0.9,0.847457627118644,unified_rep,0.0,0.0,0.0,790.8451286005397,667.7865286115548,12.39191496392576,1.184278350515464,59.23964441081899,0.9245283018867924,31.103552532123963,69.67863894139886,19.44916053574797,40.72816449726467,61.08281456328994,66.21978851963746,9.810266013107892,6.884397202180977,21.052631578947366,64.91228070175438,77.19298245614034,264.2857142857143
Wyoming,2020,3410.0,2646.0,581348,0.1076213090403593,65304,0.0434997170643119,0.8356715770932385,0.0081053000956397,0.1012371247514397,0.0,1.0,101,568.7516351268857,14.0,68.2,0.9,0.847457627118644,unified_rep,0.0,0.0,0.0,586.5677700791953,455.14906734004416,17.373414890908716,1.288737717309146,56.80043091839483,1.07469102632993,32.68765133171913,64.66630785791173,19.392962664517864,43.86247649744829,62.234756916465216,68.06338973945742,10.320840529252704,6.020490308730743,18.33333333333333,61.66666666666667,74.13793103448276,241.66666666666663
Wyoming,2021,2460.0,2824.0,576641,0.1073552225665711,68002,0.0414316248549859,0.8298195931263993,0.0083431459088063,0.1026375162362717,0.0,1.0,101,578.1842346071725,15.0,69.9,0.9333333333333332,0.8793103448275862,unified_rep,0.0,0.0,0.0,426.60858315659135,489.73278001390815,17.51523044667306,0.8711048158640226,59.67496190959878,1.037186946622818,33.85667257533553,62.433460076045634,18.41639261320516,46.49633189982292,64.2044017202125,68.73260814571212,10.05825114759443,48.557074505628286,19.29824561403509,59.64912280701754,68.42105263157895,4244.444444444444
Wyoming,2022,2270.0,2856.0,577929,0.1066007214968844,72495,0.0378288061603893,0.8252242057415358,0.0077656597955804,0.104715285095574,0.0,1.0,123,586.3250701603001,16.0,69.9,0.9333333333333332,0.8793103448275862,unified_rep,0.0,0.0,0.0,392.7818122987425,494.1783506278453,21.282891150989137,0.7948179271708682,59.65327029156816,0.3666841278156103,34.11949685534591,58.83586785527007,20.502749410840533,51.00811730819586,68.55197695731867,69.64379256155055,10.20886648705983,62.983515276097926,18.64406779661017,62.71186440677966,72.88135593220339,4175.0
